"代码","时间","开盘价","最高价","最低价","收盘价","成交量.股.","成交额.元."
"SH688538","2021-05-28",4.9,5.14,4.18,4.2,1444207488,6440717824
"SH688538","2021-05-31",4.01,4.12,3.78,4,817201536,3200932864
"SH688538","2021-06-01",3.94,4.34,3.9,4.13,610435008,2543637248
"SH688538","2021-06-02",4.12,4.23,4,4.1,396053408,1622185728
"SH688538","2021-06-03",4.1,4.14,3.96,3.96,311122976,1256460288
"SH688538","2021-06-04",4.04,4.12,3.99,4.01,262389392,1063787520
"SH688538","2021-06-07",4,4,3.89,3.91,276471264,1086805376
"SH688538","2021-06-08",3.9,3.95,3.84,3.86,162898320,631289600
"SH688538","2021-06-09",3.85,3.94,3.84,3.88,126637216,492426592
"SH688538","2021-06-10",3.87,3.96,3.85,3.93,181179488,707575424
"SH688538","2021-06-11",3.93,3.94,3.84,3.85,144756160,560578432
"SH688538","2021-06-15",3.84,3.85,3.71,3.71,194051536,727958272
"SH688538","2021-06-16",3.68,3.77,3.66,3.69,111533864,414030880
"SH688538","2021-06-17",3.7,3.94,3.69,3.89,282701984,1088204160
"SH688538","2021-06-18",3.9,3.97,3.85,3.88,165952592,647560576
"SH688538","2021-06-21",3.87,3.96,3.86,3.93,155892480,609199488
"SH688538","2021-06-22",3.95,4.17,3.89,4.08,344926912,1404040320
"SH688538","2021-06-23",4.03,4.11,4,4.01,189681904,765617344
"SH688538","2021-06-24",4.01,4.02,3.87,3.89,168142048,658955456
"SH688538","2021-06-25",3.88,3.92,3.85,3.88,94827152,367949920
"SH688538","2021-06-28",3.89,3.92,3.86,3.88,76032984,295342784
"SH688538","2021-06-29",3.87,3.88,3.78,3.78,102962320,393095936
"SH688538","2021-06-30",3.78,3.87,3.78,3.81,87858320,336718880
"SH688538","2021-07-01",3.81,3.83,3.75,3.75,72452576,274053952
"SH688538","2021-07-02",3.76,3.79,3.74,3.75,53841896,202305424
"SH688538","2021-07-05",3.73,3.83,3.73,3.82,66419760,251952144
"SH688538","2021-07-06",3.81,3.82,3.78,3.82,60721116,230790992
"SH688538","2021-07-07",3.8,3.81,3.77,3.79,61779360,234052192
"SH688538","2021-07-08",3.81,3.81,3.74,3.75,79747304,300236352
"SH688538","2021-07-09",3.74,3.75,3.69,3.72,68718928,255369216
"SH688538","2021-07-12",3.73,3.75,3.72,3.73,54508808,203463232
"SH688538","2021-07-13",3.74,3.85,3.69,3.82,148624560,560430784
"SH688538","2021-07-14",3.81,3.86,3.78,3.79,87183920,333123936
"SH688538","2021-07-15",3.78,3.79,3.71,3.74,77515368,289604864
"SH688538","2021-07-16",3.76,3.79,3.73,3.74,64096096,240848160
"SH688538","2021-07-19",3.73,3.74,3.69,3.7,60836076,225298960
"SH688538","2021-07-20",3.68,3.74,3.67,3.71,45081800,166867360
"SH688538","2021-07-21",3.71,3.73,3.7,3.71,50627464,187844000
"SH688538","2021-07-22",3.71,3.73,3.69,3.7,68608928,254017488
"SH688538","2021-07-23",3.71,3.71,3.66,3.66,82206920,302615392
"SH688538","2021-07-26",3.66,3.67,3.58,3.61,77633000,281560512
"SH688538","2021-07-27",3.61,3.88,3.59,3.72,227472336,856803712
"SH688538","2021-07-28",3.69,3.69,3.59,3.6,106924136,387744064
"SH688538","2021-07-29",3.63,3.71,3.62,3.66,69677968,255242176
"SH688538","2021-07-30",3.65,3.72,3.61,3.67,70510680,258884048
"SH688538","2021-08-02",3.66,3.74,3.66,3.72,66493048,246593648
"SH688538","2021-08-03",3.71,3.73,3.67,3.68,55309932,204458176
"SH688538","2021-08-04",3.68,3.72,3.67,3.69,42668084,157379808
"SH688538","2021-08-05",3.68,3.69,3.62,3.63,60921260,222326352
"SH688538","2021-08-06",3.64,3.65,3.6,3.61,46605716,168583408
"SH688538","2021-08-09",3.61,3.64,3.6,3.63,37627228,136239808
"SH688538","2021-08-10",3.62,3.63,3.61,3.63,39025180,141280256
"SH688538","2021-08-11",3.63,3.63,3.61,3.62,44871576,162339920
"SH688538","2021-08-12",3.62,3.68,3.61,3.64,60102976,219045696
"SH688538","2021-08-13",3.63,3.64,3.6,3.61,46878736,169432960
"SH688538","2021-08-16",3.61,3.63,3.59,3.61,52867624,190654224
"SH688538","2021-08-17",3.61,3.61,3.55,3.56,62506492,224090768
"SH688538","2021-08-18",3.56,3.57,3.55,3.56,41665388,148260432
"SH688538","2021-08-19",3.56,3.57,3.53,3.53,39547348,140399072
"SH688538","2021-08-20",3.53,3.54,3.44,3.46,73212192,254176496
"SH688538","2021-08-23",3.46,3.49,3.45,3.49,32807792,114214384
"SH688538","2021-08-24",3.49,3.52,3.46,3.5,45308928,157885936
"SH688538","2021-08-25",3.5,3.5,3.47,3.48,27415048,95388568
"SH688538","2021-08-26",3.48,3.49,3.44,3.44,38642920,133464760
"SH688538","2021-08-27",3.44,3.46,3.44,3.46,31344564,108099752
"SH688538","2021-08-30",3.45,3.46,3.36,3.37,77882872,263974208
"SH688538","2021-08-31",3.37,3.37,3.3,3.32,50818584,168900512
"SH688538","2021-09-01",3.32,3.44,3.3,3.41,68108088,230223152
"SH688538","2021-09-02",3.41,3.42,3.37,3.39,29456204,99644448
"SH688538","2021-09-03",3.38,3.46,3.38,3.42,40566528,138898752
"SH688538","2021-09-06",3.42,3.44,3.41,3.43,27887102,95599976
"SH688538","2021-09-07",3.43,3.45,3.43,3.44,25775562,88533720
"SH688538","2021-09-08",3.44,3.47,3.43,3.46,41950052,144760832
"SH688538","2021-09-09",3.45,3.46,3.41,3.42,40454120,138624928
"SH688538","2021-09-10",3.42,3.43,3.39,3.4,39084296,133110192
"SH688538","2021-09-13",3.4,3.4,3.37,3.38,33349634,112628152
"SH688538","2021-09-14",3.38,3.41,3.35,3.35,34266736,115764776
"SH688538","2021-09-15",3.35,3.37,3.34,3.36,27367436,91761840
"SH688538","2021-09-16",3.35,3.36,3.31,3.32,36010048,120048104
"SH688538","2021-09-17",3.32,3.33,3.3,3.32,29065296,96335144
"SH688538","2021-09-22",3.3,3.37,3.3,3.36,34112844,113778048
"SH688538","2021-09-23",3.36,3.37,3.33,3.35,28198452,94417944
"SH688538","2021-09-24",3.34,3.35,3.31,3.31,27127550,90274200
"SH688538","2021-09-27",3.32,3.33,3.21,3.22,57323664,186959840
"SH688538","2021-09-28",3.21,3.23,3.2,3.21,25063158,80518448
"SH688538","2021-09-29",3.2,3.21,3.11,3.11,45243264,142168512
"SH688538","2021-09-30",3.12,3.14,3.11,3.11,23979412,74795048
"SH688538","2021-10-08",3.13,3.15,3.12,3.14,22420304,70348520
"SH688538","2021-10-11",3.14,3.15,3.11,3.13,23944982,74855480
"SH688538","2021-10-12",3.12,3.13,3.09,3.11,27548350,85589528
"SH688538","2021-10-13",3.1,3.11,3.08,3.11,19269774,59649808
"SH688538","2021-10-14",3.11,3.25,3.1,3.19,58133968,186117168
"SH688538","2021-10-15",3.19,3.21,3.15,3.17,23196784,73648536
"SH688538","2021-10-18",3.18,3.18,3.13,3.14,14055493,44217472
"SH688538","2021-10-19",3.15,3.16,3.14,3.15,11213885,35354600
"SH688538","2021-10-20",3.16,3.16,3.12,3.12,13757484,43081400
"SH688538","2021-10-21",3.12,3.13,3.1,3.12,15710017,48912344
"SH688538","2021-10-22",3.11,3.14,3.1,3.12,15617782,48702224
"SH688538","2021-10-25",3.11,3.12,3.1,3.12,14600319,45356132
"SH688538","2021-10-26",3.11,3.12,3.1,3.11,16188687,50319672
"SH688538","2021-10-27",3.11,3.11,3.05,3.06,26368348,81071064
"SH688538","2021-10-28",3.06,3.06,2.98,2.99,29566340,89109376
"SH688538","2021-10-29",2.99,3,2.94,2.99,27729104,82560424
"SH688538","2021-11-01",2.98,3,2.96,2.99,19754256,58894872
"SH688538","2021-11-02",2.99,3.05,2.97,2.98,32868060,98880384
"SH688538","2021-11-03",2.98,3.01,2.97,2.98,14082940,42075608
"SH688538","2021-11-04",2.99,3,2.98,2.99,14889406,44522964
"SH688538","2021-11-05",3,3.02,2.99,3.01,21177812,63703680
"SH688538","2021-11-08",3.01,3.01,2.97,3,15961013,47736956
"SH688538","2021-11-09",3,3.01,2.99,3,14155097,42467068
"SH688538","2021-11-10",3,3,2.97,3,18792988,56132888
"SH688538","2021-11-11",2.99,3.05,2.98,3.04,35834928,108673968
"SH688538","2021-11-12",3.03,3.06,3.03,3.05,21865136,66564560
"SH688538","2021-11-15",3.05,3.18,3.04,3.14,60776488,189503824
"SH688538","2021-11-16",3.14,3.25,3.13,3.2,79556880,255497440
"SH688538","2021-11-17",3.2,3.21,3.16,3.19,30716200,97844048
"SH688538","2021-11-18",3.18,3.19,3.13,3.14,25334668,79840560
"SH688538","2021-11-19",3.15,3.16,3.12,3.13,18768172,58824208
"SH688538","2021-11-22",3.13,3.17,3.13,3.15,21154960,66755740
"SH688538","2021-11-23",3.15,3.16,3.13,3.14,17503716,55043868
"SH688538","2021-11-24",3.15,3.16,3.13,3.15,19005356,59800928
"SH688538","2021-11-25",3.15,3.17,3.14,3.16,24184284,76238248
"SH688538","2021-11-26",3.16,3.16,3.12,3.12,16320232,51154816
"SH688538","2021-11-29",3.1,3.1,3.01,3.01,73679776,223915568
"SH688538","2021-11-30",3.02,3.05,3.01,3.03,30938864,93704192
"SH688538","2021-12-01",3.03,3.05,3.01,3.04,25497320,77269240
"SH688538","2021-12-02",3.04,3.05,3.03,3.03,17633412,53504744
"SH688538","2021-12-03",3.03,3.05,3.02,3.04,21144764,64118516
"SH688538","2021-12-06",3.04,3.04,3.01,3.02,22746040,68856056
"SH688538","2021-12-07",3.02,3.03,3,3.02,21134594,63652752
"SH688538","2021-12-08",3.02,3.04,3.01,3.03,17324876,52407248
"SH688538","2021-12-09",3.02,3.1,3.02,3.08,44800160,137676864
"SH688538","2021-12-10",3.07,3.11,3.06,3.11,43619188,134747584
"SH688538","2021-12-13",3.12,3.12,3.08,3.09,26050564,80748960
"SH688538","2021-12-14",3.09,3.09,3.06,3.07,15385876,47245624
"SH688538","2021-12-15",3.06,3.08,3.05,3.05,18334126,56200976
"SH688538","2021-12-16",3.06,3.07,3.05,3.07,15877538,48576200
"SH688538","2021-12-17",3.07,3.07,3.04,3.04,19773858,60334964
"SH688538","2021-12-20",3.04,3.05,3.03,3.03,16894800,51271020
"SH688538","2021-12-21",3.04,3.12,3.03,3.11,37489624,115543392
"SH688538","2021-12-22",3.11,3.12,3.08,3.09,22679906,70203392
"SH688538","2021-12-23",3.09,3.1,3.06,3.07,16127312,49521872
"SH688538","2021-12-24",3.07,3.07,3.04,3.04,19885574,60641164
"SH688538","2021-12-27",3.05,3.07,3.04,3.05,13608142,41576912
"SH688538","2021-12-28",3.06,3.06,3.04,3.05,12232382,37317444
"SH688538","2021-12-29",3.06,3.06,3.04,3.06,12550886,38316692
"SH688538","2021-12-30",3.05,3.07,3.05,3.06,15051556,46093040
"SH688538","2021-12-31",3.07,3.1,3.06,3.08,24059492,74009576
"SH688538","2022-01-04",3.09,3.14,3.08,3.13,42305276,132176784
"SH688538","2022-01-05",3.14,3.16,3.11,3.13,31536468,98761056
"SH688538","2022-01-06",3.13,3.13,3.1,3.11,21862164,68056960
"SH688538","2022-01-07",3.11,3.13,3.1,3.11,20962980,65324892
"SH688538","2022-01-10",3.12,3.12,3.09,3.11,19269326,59847740
"SH688538","2022-01-11",3.11,3.12,3.1,3.11,14949950,46511776
"SH688538","2022-01-12",3.11,3.12,3.1,3.12,14592555,45408740
"SH688538","2022-01-13",3.12,3.13,3.1,3.1,20145624,62797960
"SH688538","2022-01-14",3.1,3.11,3.08,3.08,22004008,67961696
"SH688538","2022-01-17",3.07,3.1,3.07,3.09,13462394,41566500
"SH688538","2022-01-18",3.09,3.14,3.08,3.11,34718464,107904896
"SH688538","2022-01-19",3.11,3.11,3.08,3.09,18816804,58231224
"SH688538","2022-01-20",3.09,3.1,3.06,3.06,22865424,70363136
"SH688538","2022-01-21",3.06,3.07,3.03,3.03,22094544,67236432
"SH688538","2022-01-24",3.03,3.04,3.02,3.03,11540459,34980496
"SH688538","2022-01-25",3.03,3.03,2.96,2.96,35339544,105706224
"SH688538","2022-01-26",2.96,2.98,2.95,2.97,17811580,52813204
"SH688538","2022-01-27",2.97,2.97,2.9,2.9,27223798,79895312
"SH688538","2022-01-28",2.92,2.92,2.87,2.9,20263676,58796044
"SH688538","2022-02-07",2.92,2.95,2.92,2.94,12420610,36475096
"SH688538","2022-02-08",2.94,2.97,2.93,2.97,14128967,41760952
"SH688538","2022-02-09",2.96,2.99,2.96,2.98,13309768,39679628
"SH688538","2022-02-10",2.99,2.99,2.96,2.97,13662098,40602568
"SH688538","2022-02-11",2.96,2.96,2.93,2.94,17598600,51848988
"SH688538","2022-02-14",2.93,2.94,2.91,2.93,11968734,35031576
"SH688538","2022-02-15",2.93,2.93,2.91,2.92,9746461,28487284
"SH688538","2022-02-16",2.93,2.94,2.92,2.93,7849834,23015676
"SH688538","2022-02-17",2.93,2.93,2.91,2.93,11197767,32726944
"SH688538","2022-02-18",2.92,2.93,2.91,2.93,9936254,29014866
"SH688538","2022-02-21",2.93,2.97,2.92,2.95,18961576,55897848
"SH688538","2022-02-22",2.95,2.96,2.92,2.94,17612922,51731520
"SH688538","2022-02-23",2.93,2.97,2.93,2.96,21624054,63921380
"SH688538","2022-02-24",2.96,2.98,2.91,2.93,31499004,92804112
"SH688538","2022-02-25",2.93,2.96,2.93,2.94,15908782,46862496
"SH688538","2022-02-28",2.95,2.99,2.93,2.98,33973816,101014560
"SH688538","2022-03-01",2.98,3.03,2.97,3.02,29563604,88851208
"SH688538","2022-03-02",3.01,3.04,3,3.04,26115896,79076936
"SH688538","2022-03-03",3.04,3.07,3.03,3.04,23036596,70240472
"SH688538","2022-03-04",3.04,3.08,3.02,3.06,30861524,94427120
"SH688538","2022-03-07",3.06,3.09,3.05,3.07,37157524,114247432
"SH688538","2022-03-08",3.08,3.09,3.02,3.05,48537824,148828432
"SH688538","2022-03-09",3.05,3.07,2.95,3,47505476,143046144
"SH688538","2022-03-10",3.04,3.12,3.03,3.12,66149584,205022160
"SH688538","2022-03-11",3.11,3.15,3.07,3.14,58047872,180988560
"SH688538","2022-03-14",3.13,3.19,3.1,3.1,36914592,115891120
"SH688538","2022-03-15",3.1,3.11,2.98,3,42558328,129707280
"SH688538","2022-03-16",3.02,3.05,2.96,3.04,30866732,92996160
"SH688538","2022-03-17",3.06,3.08,3.04,3.05,21808550,66775024
"SH688538","2022-03-18",3.04,3.07,3.04,3.07,13755571,42087164
"SH688538","2022-03-21",3.07,3.12,3.06,3.08,15572547,48154400
"SH688538","2022-03-22",3.08,3.11,3.07,3.1,18761020,58087864
"SH688538","2022-03-23",3.11,3.11,3.08,3.09,11072483,34237748
"SH688538","2022-03-24",3.09,3.1,3.05,3.05,13144471,40246328
"SH688538","2022-03-25",3.06,3.07,3.04,3.04,11243798,34374724
"SH688538","2022-03-28",3.04,3.05,3.01,3.04,13864882,42049336
"SH688538","2022-03-29",3.04,3.06,3.02,3.03,11338784,34394888
"SH688538","2022-03-30",3.03,3.04,3.02,3.04,11668031,35377108
"SH688538","2022-03-31",3.04,3.05,3.01,3.02,13083285,39652112
"SH688538","2022-04-01",3.02,3.04,3.01,3.03,11162729,33763072
"SH688538","2022-04-06",3.03,3.09,3.02,3.08,22945008,70308896
"SH688538","2022-04-07",3.08,3.08,3.03,3.03,13672251,41787500
"SH688538","2022-04-08",3.03,3.05,3.01,3.03,13346363,40396768
"SH688538","2022-04-11",3.02,3.03,2.95,2.96,25080168,74813088
"SH688538","2022-04-12",2.96,3.01,2.95,2.99,13771316,40970376
"SH688538","2022-04-13",2.98,3.01,2.96,2.97,12459904,37199384
"SH688538","2022-04-14",2.97,2.99,2.96,2.97,13152623,39151788
"SH688538","2022-04-15",2.96,2.97,2.95,2.95,11197697,33119352
"SH688538","2022-04-18",2.95,2.96,2.93,2.93,13551108,39801824
"SH688538","2022-04-19",2.93,2.94,2.92,2.94,9641130,28258412
"SH688538","2022-04-20",2.94,2.94,2.9,2.91,11799617,34456216
"SH688538","2022-04-21",2.91,2.92,2.84,2.85,24080332,69341656
"SH688538","2022-04-22",2.84,2.85,2.81,2.84,16787856,47517596
"SH688538","2022-04-25",2.82,2.83,2.56,2.57,42073372,112434360
"SH688538","2022-04-26",2.56,2.57,2.42,2.43,28405606,71037416
"SH688538","2022-04-27",2.4,2.48,2.36,2.46,27985692,67517416
"SH688538","2022-04-28",2.47,2.47,2.37,2.39,23378268,56374872
"SH688538","2022-04-29",2.41,2.5,2.4,2.48,24603092,60460424
"SH688538","2022-05-05",2.49,2.51,2.45,2.49,19708096,48991764
"SH688538","2022-05-06",2.46,2.47,2.43,2.45,15684569,38397412
"SH688538","2022-05-09",2.45,2.49,2.43,2.46,15775777,38887344
"SH688538","2022-05-10",2.45,2.48,2.43,2.47,15774693,38800960
"SH688538","2022-05-11",2.47,2.52,2.46,2.48,30210078,75413088
"SH688538","2022-05-12",2.46,2.5,2.46,2.47,14942701,36930800
"SH688538","2022-05-13",2.48,2.49,2.46,2.48,13571805,33614160
"SH688538","2022-05-16",2.5,2.52,2.48,2.49,16757324,41849824
"SH688538","2022-05-17",2.48,2.51,2.48,2.5,14342922,35763292
"SH688538","2022-05-18",2.51,2.52,2.5,2.5,13013768,32592644
"SH688538","2022-05-19",2.48,2.5,2.47,2.49,17041024,42396252
"SH688538","2022-05-20",2.49,2.52,2.49,2.5,20370288,51001304
"SH688538","2022-05-23",2.51,2.54,2.5,2.53,21742204,54761816
"SH688538","2022-05-24",2.54,2.64,2.53,2.54,47487736,122449664
"SH688538","2022-05-25",2.54,2.59,2.54,2.58,23419280,60049808
"SH688538","2022-05-26",2.58,2.6,2.54,2.57,16571078,42550608
"SH688538","2022-05-27",2.57,2.58,2.53,2.55,19798808,50526832
"SH688538","2022-05-30",2.55,2.58,2.55,2.57,16767758,43049752
"SH688538","2022-05-31",2.57,2.85,2.57,2.72,70357712,190827232
"SH688538","2022-06-01",2.71,2.77,2.68,2.73,43961736,119748584
"SH688538","2022-06-02",2.73,2.86,2.72,2.84,85693432,240674768
"SH688538","2022-06-06",2.83,2.87,2.8,2.83,63545284,180125648
"SH688538","2022-06-07",2.82,2.83,2.74,2.75,49078360,136144448
"SH688538","2022-06-08",2.76,2.77,2.7,2.75,29267390,80089352
"SH688538","2022-06-09",2.75,2.76,2.68,2.69,26456864,71568768
"SH688538","2022-06-10",2.68,2.72,2.67,2.71,26150786,70593184
"SH688538","2022-06-13",2.7,2.73,2.68,2.7,22392106,60379984
"SH688538","2022-06-14",2.69,2.7,2.65,2.7,23197174,62074048
"SH688538","2022-06-15",2.69,2.75,2.69,2.73,34885880,95122880
"SH688538","2022-06-16",2.73,2.75,2.72,2.72,18118576,49513104
"SH688538","2022-06-17",2.7,2.72,2.68,2.7,16469934,44483616
"SH688538","2022-06-20",2.72,2.72,2.7,2.71,15889563,43066584
"SH688538","2022-06-21",2.71,2.73,2.7,2.71,19518140,53012464
"SH688538","2022-06-22",2.72,2.72,2.65,2.65,18740568,50333396
"SH688538","2022-06-23",2.65,2.68,2.65,2.67,16757427,44639772
"SH688538","2022-06-24",2.67,2.69,2.66,2.68,19749036,52864324
"SH688538","2022-06-27",2.68,2.69,2.65,2.66,22144126,59113076
"SH688538","2022-06-28",2.66,2.74,2.66,2.73,37538736,101560848
"SH688538","2022-06-29",2.73,2.75,2.69,2.69,22108216,60017576
"SH688538","2022-06-30",2.69,2.71,2.68,2.68,18787916,50577712
"SH688538","2022-07-01",2.68,2.7,2.67,2.68,11170870,29987322
"SH688538","2022-07-04",2.68,2.69,2.66,2.67,15686282,41918776
"SH688538","2022-07-05",2.67,2.68,2.64,2.65,16845284,44822356
"SH688538","2022-07-06",2.65,2.67,2.63,2.64,17193916,45503412
"SH688538","2022-07-07",2.65,2.66,2.64,2.64,11230674,29687368
"SH688538","2022-07-08",2.65,2.66,2.64,2.65,7866330,20840536
"SH688538","2022-07-11",2.64,2.65,2.63,2.64,13381213,35356396
"SH688538","2022-07-12",2.64,2.65,2.62,2.62,15173595,39955560
"SH688538","2022-07-13",2.63,2.63,2.61,2.62,10589084,27736542
"SH688538","2022-07-14",2.62,2.64,2.61,2.62,13908707,36492724
"SH688538","2022-07-15",2.62,2.63,2.6,2.6,13021751,34043096
"SH688538","2022-07-18",2.6,2.64,2.6,2.64,12674661,33327538
"SH688538","2022-07-19",2.65,2.67,2.64,2.66,12164357,32286516
"SH688538","2022-07-20",2.66,2.68,2.66,2.67,11896701,31785888
"SH688538","2022-07-21",2.68,2.68,2.66,2.67,12959800,34619476
"SH688538","2022-07-22",2.66,2.68,2.66,2.67,11141963,29741592
"SH688538","2022-07-25",2.67,2.68,2.65,2.65,8535089,22712938
"SH688538","2022-07-26",2.65,2.66,2.64,2.65,8002159,21210676
"SH688538","2022-07-27",2.65,2.66,2.64,2.65,6231828,16546708
"SH688538","2022-07-28",2.66,2.7,2.65,2.68,16204710,43557216
"SH688538","2022-07-29",2.69,2.69,2.66,2.67,9365041,25048516
"SH688538","2022-08-01",2.67,2.69,2.66,2.68,12636167,33827328
"SH688538","2022-08-02",2.67,2.68,2.6,2.64,28137732,74223504
"SH688538","2022-08-03",2.64,2.68,2.63,2.66,19173648,51029424
"SH688538","2022-08-04",2.67,2.7,2.66,2.69,19998484,53656380
"SH688538","2022-08-05",2.7,2.74,2.67,2.73,37365356,101200456
"SH688538","2022-08-08",2.73,2.74,2.7,2.72,22892800,62198688
"SH688538","2022-08-09",2.71,2.72,2.68,2.7,16577031,44765828
"SH688538","2022-08-10",2.7,2.74,2.69,2.72,20972144,57079712
"SH688538","2022-08-11",2.73,2.74,2.72,2.74,20583020,56219748
"SH688538","2022-08-12",2.74,2.75,2.71,2.71,16873508,45971148
"SH688538","2022-08-15",2.71,2.72,2.69,2.7,14511342,39138688
"SH688538","2022-08-16",2.7,2.71,2.68,2.68,14278777,38437840
"SH688538","2022-08-17",2.69,2.7,2.68,2.69,8873243,23884860
"SH688538","2022-08-18",2.69,2.75,2.67,2.72,27635212,74799672
"SH688538","2022-08-19",2.72,2.72,2.68,2.69,21381944,57803736
"SH688538","2022-08-22",2.68,2.69,2.67,2.67,15701278,42037300
"SH688538","2022-08-23",2.67,2.68,2.66,2.67,11778607,31448192
"SH688538","2022-08-24",2.68,2.68,2.62,2.62,24447516,64575872
"SH688538","2022-08-25",2.63,2.63,2.59,2.61,21963632,57260836
"SH688538","2022-08-26",2.61,2.62,2.6,2.6,11162336,29080590
"SH688538","2022-08-29",2.59,2.62,2.58,2.62,13362580,34853076
"SH688538","2022-08-30",2.62,2.64,2.61,2.63,9742438,25588048
"SH688538","2022-08-31",2.62,2.63,2.58,2.58,16237167,42197912
"SH688538","2022-09-01",2.58,2.6,2.56,2.56,11185471,28893372
"SH688538","2022-09-02",2.56,2.59,2.56,2.58,8659042,22283554
"SH688538","2022-09-05",2.57,2.62,2.57,2.61,10047762,26061416
"SH688538","2022-09-06",2.6,2.62,2.6,2.62,8023722,20964444
"SH688538","2022-09-07",2.61,2.64,2.6,2.62,14102221,36908488
"SH688538","2022-09-08",2.62,2.65,2.61,2.62,17478712,46000636
"SH688538","2022-09-09",2.63,2.64,2.6,2.64,17507720,45943304
"SH688538","2022-09-13",2.64,2.66,2.62,2.64,13802334,36476388
"SH688538","2022-09-14",2.63,2.63,2.61,2.62,11003637,28835668
"SH688538","2022-09-15",2.63,2.64,2.58,2.58,18326492,47749152
"SH688538","2022-09-16",2.59,2.59,2.52,2.52,21008206,53802280
"SH688538","2022-09-19",2.52,2.57,2.51,2.55,21023896,53562732
"SH688538","2022-09-20",2.55,2.57,2.54,2.55,9119319,23277448
"SH688538","2022-09-21",2.54,2.64,2.52,2.62,28679124,74389584
"SH688538","2022-09-22",2.62,2.63,2.59,2.59,10707480,27968372
"SH688538","2022-09-23",2.6,2.62,2.58,2.6,13188895,34279696
"SH688538","2022-09-26",2.59,2.62,2.57,2.6,21383812,55608568
"SH688538","2022-09-27",2.6,2.65,2.59,2.63,14762600,38631132
"SH688538","2022-09-28",2.63,2.63,2.59,2.6,8027998,20978052
"SH688538","2022-09-29",2.6,2.62,2.56,2.59,12008861,30993932
"SH688538","2022-09-30",2.58,2.59,2.56,2.56,8141014,20993866
"SH688538","2022-10-10",2.57,2.59,2.56,2.56,10668630,27449884
"SH688538","2022-10-11",2.56,2.57,2.52,2.57,8900363,22697104
"SH688538","2022-10-12",2.56,2.61,2.56,2.61,12653793,32727258
"SH688538","2022-10-13",2.6,2.62,2.59,2.61,8327888,21703624
"SH688538","2022-10-14",2.62,2.64,2.61,2.63,10948217,28786332
"SH688538","2022-10-17",2.63,2.66,2.62,2.64,14440342,38176740
"SH688538","2022-10-18",2.64,2.66,2.63,2.64,12099668,31987636
"SH688538","2022-10-19",2.63,2.65,2.63,2.64,10653319,28133184
"SH688538","2022-10-20",2.63,2.66,2.63,2.65,11142532,29502004
"SH688538","2022-10-21",2.65,2.66,2.63,2.63,9489052,25107584
"SH688538","2022-10-24",2.64,2.65,2.6,2.61,11405082,29966924
"SH688538","2022-10-25",2.62,2.63,2.59,2.61,10989423,28661732
"SH688538","2022-10-26",2.61,2.65,2.61,2.64,12184119,32074376
"SH688538","2022-10-27",2.64,2.66,2.63,2.64,12687344,33579672
"SH688538","2022-10-28",2.65,2.65,2.58,2.58,21449856,56092072
"SH688538","2022-10-31",2.58,2.68,2.57,2.66,34538208,91564064
"SH688538","2022-11-01",2.66,2.69,2.64,2.68,21569172,57580056
"SH688538","2022-11-02",2.67,2.7,2.67,2.68,16020971,43004308
"SH688538","2022-11-03",2.68,2.7,2.66,2.69,16895608,45351976
"SH688538","2022-11-04",2.7,2.7,2.68,2.69,13548932,36478352
"SH688538","2022-11-07",2.69,2.71,2.67,2.68,16008587,43041116
"SH688538","2022-11-08",2.69,2.69,2.66,2.67,10434511,27846868
"SH688538","2022-11-09",2.68,2.69,2.66,2.67,8812701,23620964
"SH688538","2022-11-10",2.67,2.69,2.66,2.68,12769645,34233516
"SH688538","2022-11-11",2.7,2.7,2.67,2.69,16272746,43740992
"SH688538","2022-11-14",2.69,2.7,2.68,2.69,13371371,35970080
"SH688538","2022-11-15",2.69,2.71,2.68,2.7,27241224,73439240
"SH688538","2022-11-16",2.7,2.7,2.67,2.68,16980792,45651488
"SH688538","2022-11-17",2.69,2.69,2.68,2.69,11522197,30952328
"SH688538","2022-11-18",2.69,2.7,2.61,2.62,43150016,114522160
"SH688538","2022-11-21",2.62,2.68,2.61,2.65,21654514,57189748
"SH688538","2022-11-22",2.65,2.68,2.64,2.65,36163720,96362136
"SH688538","2022-11-23",2.66,2.67,2.64,2.66,18925340,50307536
"SH688538","2022-11-24",2.66,2.67,2.64,2.64,22353820,59323104
"SH688538","2022-11-25",2.65,2.71,2.64,2.7,44459032,119141504
"SH688538","2022-11-28",2.69,2.71,2.64,2.64,56228044,150603120
"SH688538","2022-11-29",2.64,2.7,2.64,2.7,37669336,100958024
"SH688538","2022-11-30",2.7,2.7,2.67,2.67,21137728,56740364
"SH688538","2022-12-01",2.68,2.7,2.67,2.68,18705334,50224640
"SH688538","2022-12-02",2.69,2.7,2.67,2.69,27663764,74396760
"SH688538","2022-12-05",2.69,2.73,2.68,2.73,60430088,164195792
"SH688538","2022-12-06",2.72,2.73,2.71,2.72,38412428,104429928
"SH688538","2022-12-07",2.72,2.74,2.7,2.72,35334908,96153224
"SH688538","2022-12-08",2.72,2.75,2.7,2.74,71216880,194101392
"SH688538","2022-12-09",2.73,2.76,2.71,2.75,130886496,358375200
"SH688538","2022-12-12",2.76,2.8,2.74,2.74,79864472,221369632
"SH688538","2022-12-13",2.75,2.76,2.72,2.73,32051866,87682176
"SH688538","2022-12-14",2.73,2.75,2.72,2.73,20157860,55086708
"SH688538","2022-12-15",2.72,2.75,2.72,2.72,12837498,35034384
"SH688538","2022-12-16",2.72,2.74,2.71,2.74,18667848,50937944
"SH688538","2022-12-19",2.74,2.75,2.7,2.71,21350226,57981804
"SH688538","2022-12-20",2.71,2.74,2.68,2.72,25409328,69047400
"SH688538","2022-12-21",2.72,2.73,2.69,2.69,13135231,35550488
"SH688538","2022-12-22",2.7,2.71,2.66,2.67,14749525,39558892
"SH688538","2022-12-23",2.66,2.71,2.65,2.68,17160468,46187136
"SH688538","2022-12-26",2.69,2.72,2.68,2.71,10660975,28867324
"SH688538","2022-12-27",2.7,2.71,2.68,2.69,13683166,36870316
"SH688538","2022-12-28",2.7,2.71,2.66,2.68,13958503,37479672
"SH688538","2022-12-29",2.67,2.69,2.65,2.67,11140195,29759260
"SH688538","2022-12-30",2.68,2.69,2.67,2.68,7220593,19328810
"SH688538","2023-01-03",2.68,2.71,2.67,2.7,14437027,38856516
"SH688538","2023-01-04",2.69,2.72,2.69,2.71,18275232,49482084
"SH688538","2023-01-05",2.72,2.72,2.69,2.7,13653559,36959404
"SH688538","2023-01-06",2.7,2.71,2.68,2.69,20644142,55637108
"SH688538","2023-01-09",2.69,2.71,2.69,2.7,13351638,36073488
"SH688538","2023-01-10",2.7,2.7,2.68,2.68,6015547,16173196
"SH688538","2023-01-11",2.68,2.69,2.67,2.67,10004077,26810644
"SH688538","2023-01-12",2.68,2.68,2.66,2.67,10079506,26940086
"SH688538","2023-01-13",2.68,2.68,2.66,2.67,10606120,28347984
"SH688538","2023-01-16",2.67,2.7,2.66,2.7,18925738,50925512
"SH688538","2023-01-17",2.69,2.7,2.68,2.69,11088310,29812256
"SH688538","2023-01-18",2.69,2.69,2.67,2.67,13271598,35502592
"SH688538","2023-01-19",2.67,2.69,2.65,2.68,18448124,49197800
"SH688538","2023-01-20",2.69,2.7,2.68,2.69,17243548,46425564
"SH688538","2023-01-30",2.69,2.71,2.68,2.69,22442708,60506824
"SH688538","2023-01-31",2.69,2.69,2.68,2.68,12345057,33123430
"SH688538","2023-02-01",2.69,2.7,2.68,2.7,18415346,49548812
"SH688538","2023-02-02",2.7,2.7,2.68,2.68,17001656,45669212
"SH688538","2023-02-03",2.68,2.69,2.67,2.67,15467684,41377836
"SH688538","2023-02-06",2.68,2.68,2.67,2.67,13074112,34958152
"SH688538","2023-02-07",2.67,2.68,2.67,2.67,13385114,35780336
"SH688538","2023-02-08",2.68,2.68,2.65,2.66,15841086,42280328
"SH688538","2023-02-09",2.66,2.68,2.66,2.67,21819664,58186024
"SH688538","2023-02-10",2.67,2.69,2.66,2.67,27070356,72493920
"SH688538","2023-02-13",2.67,2.68,2.66,2.67,19877472,52969192
"SH688538","2023-02-14",2.67,2.68,2.65,2.65,17462904,46488628
"SH688538","2023-02-15",2.66,2.71,2.65,2.68,47412736,127250328
"SH688538","2023-02-16",2.68,2.68,2.64,2.65,43616988,116036936
"SH688538","2023-02-17",2.65,2.67,2.65,2.65,20255244,53810792
"SH688538","2023-02-20",2.65,2.66,2.63,2.65,20904242,55200932
"SH688538","2023-02-21",2.64,2.66,2.64,2.64,12882160,34139696
"SH688538","2023-02-22",2.64,2.65,2.63,2.65,11519362,30445376
"SH688538","2023-02-23",2.65,2.65,2.63,2.65,12654494,33419488
"SH688538","2023-02-24",2.64,2.65,2.63,2.64,9251071,24435544
"SH688538","2023-02-27",2.64,2.65,2.63,2.64,10769085,28413458
"SH688538","2023-02-28",2.64,2.65,2.63,2.64,8930508,23550888
"SH688538","2023-03-01",2.64,2.69,2.64,2.66,39130636,104460832
"SH688538","2023-03-02",2.67,2.67,2.65,2.65,16855574,44852928
"SH688538","2023-03-03",2.65,2.66,2.64,2.65,19804220,52561076
"SH688538","2023-03-06",2.66,2.67,2.65,2.66,17294802,46051708
"SH688538","2023-03-07",2.67,2.7,2.66,2.66,36404760,97650544
"SH688538","2023-03-08",2.66,2.68,2.66,2.67,14918100,39880040
"SH688538","2023-03-09",2.68,2.68,2.65,2.66,26748228,71257040
"SH688538","2023-03-10",2.66,2.69,2.65,2.69,63648024,170194256
"SH688538","2023-03-13",2.68,2.69,2.64,2.66,31282500,83196264
"SH688538","2023-03-14",2.66,2.67,2.63,2.65,24852160,65740952
"SH688538","2023-03-15",2.65,2.67,2.65,2.65,19256524,51144056
"SH688538","2023-03-16",2.65,2.65,2.63,2.63,19939714,52670456
"SH688538","2023-03-17",2.64,2.65,2.63,2.64,24108520,63697448
"SH688538","2023-03-20",2.64,2.64,2.62,2.62,26108648,68618440
"SH688538","2023-03-21",2.63,2.64,2.62,2.63,14915875,39194668
"SH688538","2023-03-22",2.63,2.65,2.63,2.64,24219380,63949008
"SH688538","2023-03-23",2.64,2.65,2.63,2.64,23952664,63118744
"SH688538","2023-03-24",2.64,2.64,2.63,2.64,17252090,45468248
"SH688538","2023-03-27",2.64,2.64,2.62,2.62,20803912,54692336
"SH688538","2023-03-28",2.63,2.63,2.61,2.62,16703601,43778592
"SH688538","2023-03-29",2.62,2.63,2.58,2.59,26460860,68817264
"SH688538","2023-03-30",2.59,2.6,2.57,2.58,18700482,48300684
"SH688538","2023-03-31",2.58,2.59,2.57,2.57,15983146,41194864
"SH688538","2023-04-03",2.57,2.59,2.57,2.58,23446198,60563288
"SH688538","2023-04-04",2.59,2.6,2.58,2.58,28164048,72853016
"SH688538","2023-04-06",2.58,2.62,2.57,2.61,38870324,101130368
"SH688538","2023-04-07",2.6,2.61,2.59,2.6,22630124,58871528
"SH688538","2023-04-10",2.61,2.62,2.59,2.59,23349980,60731552
"SH688538","2023-04-11",2.59,2.6,2.58,2.58,20900046,54023120
"SH688538","2023-04-12",2.59,2.6,2.58,2.59,17849748,46285944
"SH688538","2023-04-13",2.6,2.6,2.58,2.58,17602930,45553664
"SH688538","2023-04-14",2.58,2.59,2.57,2.58,19983876,51600372
"SH688538","2023-04-17",2.58,2.59,2.57,2.58,15602959,40250704
"SH688538","2023-04-18",2.58,2.6,2.58,2.58,15083188,38996164
"SH688538","2023-04-19",2.59,2.59,2.57,2.57,18094540,46675868
"SH688538","2023-04-20",2.57,2.58,2.55,2.55,27000424,69017304
"SH688538","2023-04-21",2.55,2.56,2.51,2.51,29548828,74979520
"SH688538","2023-04-24",2.51,2.55,2.51,2.52,19931160,50462528
"SH688538","2023-04-25",2.53,2.53,2.51,2.53,23404364,58985568
"SH688538","2023-04-26",2.52,2.54,2.52,2.53,18215458,46061680
"SH688538","2023-04-27",2.52,2.55,2.51,2.54,19839660,50211776
"SH688538","2023-04-28",2.54,2.57,2.54,2.56,17792596,45441184
"SH688538","2023-05-04",2.56,2.6,2.55,2.6,26594796,68785688
"SH688538","2023-05-05",2.6,2.62,2.59,2.61,22052432,57435888
"SH688538","2023-05-08",2.61,2.61,2.59,2.6,17447912,45422424
"SH688538","2023-05-09",2.6,2.62,2.59,2.61,22341040,58327900
"SH688538","2023-05-10",2.61,2.63,2.6,2.63,20429280,53565176
"SH688538","2023-05-11",2.63,2.64,2.62,2.64,15394358,40551724
"SH688538","2023-05-12",2.64,2.65,2.62,2.64,18854868,49751900
"SH688538","2023-05-15",2.64,2.65,2.62,2.64,16320191,42979064
"SH688538","2023-05-16",2.64,2.64,2.62,2.63,16144122,42472588
"SH688538","2023-05-17",2.62,2.65,2.62,2.64,15425595,40672336
"SH688538","2023-05-18",2.64,2.65,2.62,2.62,14399393,37908308
"SH688538","2023-05-19",2.63,2.63,2.61,2.62,15626218,40869136
"SH688538","2023-05-22",2.62,2.63,2.61,2.62,14588063,38241684
"SH688538","2023-05-23",2.63,2.63,2.61,2.62,11689993,30669492
"SH688538","2023-05-24",2.62,2.63,2.6,2.61,15552373,40649056
"SH688538","2023-05-25",2.6,2.62,2.59,2.6,16132615,42006216
"SH688538","2023-05-26",2.6,2.63,2.6,2.63,13341515,34909492
"SH688538","2023-05-29",2.62,2.65,2.62,2.64,18958292,50001980
"SH688538","2023-05-30",2.64,2.65,2.62,2.65,15116456,39820044
"SH688538","2023-05-31",2.64,2.7,2.64,2.69,51225648,137440544
"SH688538","2023-06-01",2.69,2.69,2.66,2.67,22808524,60932056
"SH688538","2023-06-02",2.68,2.68,2.64,2.64,15954900,42421464
"SH688538","2023-06-05",2.64,2.66,2.63,2.64,20774476,54968520
"SH688538","2023-06-06",2.64,2.65,2.6,2.62,19435436,51132124
"SH688538","2023-06-07",2.62,2.62,2.6,2.61,19196546,50188972
"SH688538","2023-06-08",2.61,2.64,2.6,2.64,24542428,64434696
"SH688538","2023-06-09",2.63,2.64,2.6,2.63,39535788,103598992
"SH688538","2023-06-12",2.63,2.64,2.61,2.62,18579976,48763928
"SH688538","2023-06-13",2.62,2.63,2.61,2.61,14912006,39034388
"SH688538","2023-06-14",2.62,2.62,2.6,2.6,18709624,48749920
"SH688538","2023-06-15",2.6,2.61,2.57,2.58,25190164,65019300
"SH688538","2023-06-16",2.58,2.59,2.57,2.57,20913244,53899624
"SH688538","2023-06-19",2.57,2.58,2.55,2.55,17566764,44953804
"SH688538","2023-06-20",2.55,2.56,2.52,2.52,19630228,49692800
"SH688538","2023-06-21",2.53,2.54,2.51,2.52,20078420,50734088
"SH688538","2023-06-26",2.52,2.55,2.51,2.53,22406112,56780264
"SH688538","2023-06-27",2.54,2.57,2.53,2.56,19362936,49441340
"SH688538","2023-06-28",2.56,2.56,2.52,2.53,19439764,49291272
"SH688538","2023-06-29",2.52,2.55,2.52,2.53,14050141,35681732
"SH688538","2023-06-30",2.54,2.56,2.53,2.54,12554578,31963196
"SH688538","2023-07-03",2.54,2.58,2.54,2.56,18752320,48117540
"SH688538","2023-07-04",2.57,2.58,2.55,2.55,13504199,34604196
"SH688538","2023-07-05",2.56,2.57,2.55,2.56,13956383,35763024
"SH688538","2023-07-06",2.56,2.57,2.54,2.55,14298905,36537592
"SH688538","2023-07-07",2.55,2.58,2.54,2.56,17764436,45593688
"SH688538","2023-07-10",2.57,2.58,2.55,2.56,12622654,32335268
"SH688538","2023-07-11",2.55,2.58,2.55,2.57,12628562,32437108
"SH688538","2023-07-12",2.57,2.58,2.56,2.57,15461701,39782800
"SH688538","2023-07-13",2.57,2.59,2.57,2.57,14461000,37310552
"SH688538","2023-07-14",2.58,2.58,2.56,2.58,11177343,28763682
"SH688538","2023-07-17",2.57,2.59,2.57,2.59,16034489,41436360
"SH688538","2023-07-18",2.59,2.61,2.58,2.6,18381788,47841000
"SH688538","2023-07-19",2.6,2.62,2.59,2.61,15915698,41503752
"SH688538","2023-07-20",2.62,2.62,2.6,2.6,15604857,40766060
"SH688538","2023-07-21",2.6,2.62,2.6,2.61,18277168,47767348
"SH688538","2023-07-24",2.62,2.63,2.61,2.62,13512262,35385624
"SH688538","2023-07-25",2.63,2.64,2.62,2.63,13621141,35852912
"SH688538","2023-07-26",2.63,2.65,2.63,2.65,15365653,40531704
"SH688538","2023-07-27",2.65,2.68,2.63,2.66,33989664,90376608
"SH688538","2023-07-28",2.66,2.66,2.64,2.66,18643120,49489844
"SH688538","2023-07-31",2.66,2.66,2.65,2.66,27282952,72475128
"SH688538","2023-08-01",2.66,2.68,2.65,2.66,25298300,67464880
"SH688538","2023-08-02",2.66,2.68,2.66,2.66,16543102,44114944
"SH688538","2023-08-03",2.66,2.67,2.65,2.67,25843340,68813960
"SH688538","2023-08-04",2.67,2.68,2.64,2.65,27032864,71771544
"SH688538","2023-08-07",2.65,2.66,2.64,2.65,20173252,53415856
"SH688538","2023-08-08",2.65,2.66,2.64,2.65,20024604,53051960
"SH688538","2023-08-09",2.65,2.66,2.63,2.64,16495096,43645544
"SH688538","2023-08-10",2.64,2.65,2.63,2.63,11952192,31504892
"SH688538","2023-08-11",2.64,2.66,2.63,2.64,30497918,80796000
"SH688538","2023-08-14",2.63,2.64,2.55,2.56,45097296,116449376
"SH688538","2023-08-15",2.56,2.6,2.55,2.58,26227472,67792032
"SH688538","2023-08-16",2.59,2.61,2.58,2.6,20150500,52366464
"SH688538","2023-08-17",2.6,2.63,2.56,2.62,27749904,72337896
"SH688538","2023-08-18",2.62,2.65,2.61,2.63,32748236,86425288
"SH688538","2023-08-21",2.62,2.64,2.6,2.62,31376142,82395952
"SH688538","2023-08-22",2.61,2.63,2.6,2.62,20956060,54859352
"SH688538","2023-08-23",2.62,2.63,2.61,2.61,18078968,47372868
"SH688538","2023-08-24",2.62,2.63,2.61,2.62,14901008,39012016
"SH688538","2023-08-25",2.61,2.66,2.6,2.62,26398272,69459232
"SH688538","2023-08-28",2.68,2.69,2.64,2.64,48101024,128079320
"SH688538","2023-08-29",2.64,2.74,2.63,2.71,100841872,271729056
"SH688538","2023-08-30",2.71,2.84,2.67,2.74,141397312,388108448
"SH688538","2023-08-31",2.71,2.75,2.69,2.69,128938000,349301088
"SH688538","2023-09-01",2.7,2.7,2.61,2.62,65600160,173416016
"SH688538","2023-09-04",2.62,2.63,2.6,2.61,53514536,139714336
"SH688538","2023-09-05",2.61,2.62,2.59,2.59,32507234,84725728
"SH688538","2023-09-06",2.59,2.61,2.58,2.6,26825484,69648784
"SH688538","2023-09-07",2.59,2.61,2.57,2.57,37644132,97295400
"SH688538","2023-09-08",2.57,2.6,2.57,2.58,18945128,48998840
"SH688538","2023-09-11",2.6,2.64,2.59,2.64,40346624,105920600
"SH688538","2023-09-12",2.64,2.65,2.62,2.63,16040765,42213948
"SH688538","2023-09-13",2.64,2.65,2.6,2.61,25259152,66252440
"SH688538","2023-09-14",2.62,2.64,2.61,2.64,24434424,64269120
"SH688538","2023-09-15",2.63,2.67,2.61,2.67,49438208,130902288
"SH688538","2023-09-18",2.66,2.67,2.63,2.64,28085654,74307672
"SH688538","2023-09-19",2.65,2.66,2.63,2.64,19232050,50779816
"SH688538","2023-09-20",2.63,2.65,2.62,2.63,17336960,45666728
"SH688538","2023-09-21",2.63,2.64,2.62,2.63,18135932,47781504
"SH688538","2023-09-22",2.63,2.67,2.62,2.66,30386896,80845552
"SH688538","2023-09-25",2.66,2.67,2.65,2.65,19088310,50788480
"SH688538","2023-09-26",2.65,2.65,2.61,2.61,19203430,50426880
"SH688538","2023-09-27",2.62,2.63,2.61,2.61,15247858,39929636
"SH688538","2023-09-28",2.61,2.65,2.61,2.63,18301730,48177276
"SH688538","2023-10-09",2.64,2.66,2.62,2.65,31581272,83571408
"SH688538","2023-10-10",2.65,2.67,2.64,2.65,39743520,105697344
"SH688538","2023-10-11",2.66,2.67,2.63,2.63,29737148,78795168
"SH688538","2023-10-12",2.64,2.67,2.64,2.66,27270550,72568656
"SH688538","2023-10-13",2.66,2.67,2.65,2.65,26168200,69593136
"SH688538","2023-10-16",2.66,2.67,2.64,2.65,31896468,84686608
"SH688538","2023-10-17",2.65,2.66,2.63,2.63,20654276,54539352
"SH688538","2023-10-18",2.63,2.64,2.61,2.62,22439324,58995544
"SH688538","2023-10-19",2.62,2.62,2.56,2.56,28197820,73029336
"SH688538","2023-10-20",2.56,2.58,2.55,2.56,18085082,46438752
"SH688538","2023-10-23",2.55,2.59,2.54,2.55,27573332,70912456
"SH688538","2023-10-24",2.56,2.59,2.55,2.57,31535168,81051376
"SH688538","2023-10-25",2.58,2.59,2.57,2.57,18583700,47966140
"SH688538","2023-10-26",2.57,2.59,2.56,2.58,18811300,48525312
"SH688538","2023-10-27",2.58,2.61,2.57,2.58,20080312,51990752
"SH688538","2023-10-30",2.58,2.62,2.57,2.62,39110196,101710912
"SH688538","2023-10-31",2.62,2.64,2.61,2.62,22219570,58393832
"SH688538","2023-11-01",2.63,2.65,2.62,2.64,22267264,58671712
"SH688538","2023-11-02",2.64,2.65,2.62,2.63,22706624,59880352
"SH688538","2023-11-03",2.64,2.64,2.6,2.6,26950724,70589864
"SH688538","2023-11-06",2.61,2.66,2.6,2.64,44558876,117715792
"SH688538","2023-11-07",2.64,2.65,2.62,2.63,41094480,108217576
"SH688538","2023-11-08",2.63,2.64,2.6,2.61,33367000,87313416
"SH688538","2023-11-09",2.62,2.62,2.59,2.6,18454150,48083288
"SH688538","2023-11-10",2.59,2.62,2.59,2.61,18272080,47620508
"SH688538","2023-11-13",2.62,2.64,2.6,2.63,23459164,61419680
"SH688538","2023-11-14",2.63,2.65,2.62,2.64,29831116,78832328
"SH688538","2023-11-15",2.65,2.65,2.63,2.64,19308612,51020888
"SH688538","2023-11-16",2.64,2.67,2.63,2.65,37490820,99454104
"SH688538","2023-11-17",2.65,2.66,2.64,2.64,21931360,58052172
"SH688538","2023-11-20",2.65,2.66,2.64,2.65,23419300,62076152
"SH688538","2023-11-21",2.65,2.66,2.64,2.64,23320730,61878288
"SH688538","2023-11-22",2.64,2.66,2.64,2.64,25561898,67707080
"SH688538","2023-11-23",2.64,2.65,2.62,2.64,18490454,48731344
"SH688538","2023-11-24",2.64,2.65,2.63,2.65,19519278,51534924
"SH688538","2023-11-27",2.65,2.69,2.64,2.65,46271360,123207208
"SH688538","2023-11-28",2.65,2.66,2.64,2.64,30969352,82006296
"SH688538","2023-11-29",2.64,2.66,2.61,2.62,28974180,76358200
"SH688538","2023-11-30",2.62,2.69,2.61,2.69,76954144,204362304
"SH688538","2023-12-01",2.67,2.68,2.61,2.63,54222380,142747632
"SH688538","2023-12-04",2.63,2.64,2.6,2.6,30498072,79704504
"SH688538","2023-12-05",2.6,2.62,2.59,2.6,31570244,82137392
"SH688538","2023-12-06",2.59,2.6,2.57,2.57,35290888,91133280
"SH688538","2023-12-07",2.57,2.58,2.54,2.57,48173432,123364760
"SH688538","2023-12-08",2.57,2.6,2.54,2.6,72196848,185079520
"SH688538","2023-12-11",2.59,2.59,2.55,2.58,46146684,118409656
"SH688538","2023-12-12",2.57,2.6,2.56,2.57,29646300,76404304
"SH688538","2023-12-13",2.57,2.59,2.56,2.57,26764736,68946384
"SH688538","2023-12-14",2.57,2.59,2.56,2.57,19834710,51104828
"SH688538","2023-12-15",2.57,2.59,2.57,2.57,21355260,55038408
"SH688538","2023-12-18",2.57,2.58,2.54,2.54,28289630,72233080
"SH688538","2023-12-19",2.54,2.55,2.52,2.53,22038686,55805288
"SH688538","2023-12-20",2.54,2.55,2.52,2.53,24226364,61483832
"SH688538","2023-12-21",2.53,2.53,2.5,2.5,33196036,83336456
"SH688538","2023-12-22",2.5,2.51,2.46,2.47,38375272,95054032
"SH688538","2023-12-25",2.48,2.49,2.45,2.45,21623174,53343460
"SH688538","2023-12-26",2.45,2.48,2.43,2.44,22004528,54007460
"SH688538","2023-12-27",2.44,2.45,2.39,2.4,31878632,76771200
"SH688538","2023-12-28",2.41,2.43,2.39,2.42,34702360,83848192
"SH688538","2023-12-29",2.42,2.45,2.42,2.43,29692096,72287800
"SH688538","2024-01-02",2.43,2.45,2.43,2.43,23816328,58122516
"SH688538","2024-01-03",2.43,2.44,2.42,2.42,20148490,48914228
"SH688538","2024-01-04",2.42,2.43,2.41,2.42,20777252,50278464
"SH688538","2024-01-05",2.43,2.44,2.41,2.43,20709896,50254756
"SH688538","2024-01-08",2.42,2.42,2.35,2.35,31168656,74175488
"SH688538","2024-01-09",2.35,2.37,2.34,2.35,20240722,47702908
"SH688538","2024-01-10",2.35,2.35,2.3,2.31,25631448,59583048
"SH688538","2024-01-11",2.3,2.35,2.29,2.34,19209812,44594436
"SH688538","2024-01-12",2.34,2.35,2.32,2.32,12314484,28733992
"SH688538","2024-01-15",2.31,2.33,2.3,2.32,16527819,38306416
"SH688538","2024-01-16",2.32,2.32,2.26,2.28,29153188,66584340
"SH688538","2024-01-17",2.28,2.28,2.24,2.24,19354326,43792540
"SH688538","2024-01-18",2.24,2.24,2.15,2.18,40090756,87275568
"SH688538","2024-01-19",2.19,2.24,2.18,2.2,24338752,53831812
"SH688538","2024-01-22",2.21,2.22,2.11,2.11,27034478,58519888
"SH688538","2024-01-23",2.1,2.14,2.09,2.12,28654380,60653404
"SH688538","2024-01-24",2.12,2.17,2.09,2.16,31092256,66192352
"SH688538","2024-01-25",2.16,2.24,2.15,2.23,32064240,70966392
"SH688538","2024-01-26",2.22,2.25,2.21,2.24,30313116,67678488
"SH688538","2024-01-29",2.23,2.25,2.2,2.2,26214456,58346212
"SH688538","2024-01-30",2.21,2.21,2.13,2.16,24475100,53279344
"SH688538","2024-01-31",2.15,2.16,2.09,2.11,29792154,63390392
"SH688538","2024-02-01",2.11,2.14,2.09,2.1,24752280,52341296
"SH688538","2024-02-02",2.1,2.13,2.01,2.04,33830672,70245656
"SH688538","2024-02-05",2.05,2.12,1.93,2.1,67670000,137608800
"SH688538","2024-02-06",2.1,2.26,2.07,2.25,62000368,134125024
"SH688538","2024-02-07",2.26,2.43,2.25,2.43,104334992,246925600
"SH688538","2024-02-08",2.41,2.56,2.41,2.51,92481440,232351616
"SH688538","2024-02-19",2.5,2.52,2.42,2.43,69444160,171757104
"SH688538","2024-02-20",2.43,2.45,2.37,2.39,35614632,85478192
"SH688538","2024-02-21",2.39,2.42,2.36,2.36,35313076,84243280
"SH688538","2024-02-22",2.37,2.38,2.33,2.35,37744908,88721736
"SH688538","2024-02-23",2.35,2.37,2.33,2.35,37417520,87782808
"SH688538","2024-02-26",2.35,2.37,2.33,2.34,36067456,84580360
"SH688538","2024-02-27",2.35,2.37,2.34,2.37,34830104,82138416
"SH688538","2024-02-28",2.37,2.4,2.34,2.34,45206320,107360976
"SH688538","2024-02-29",2.34,2.39,2.34,2.39,43314192,102275608
"SH688538","2024-03-01",2.39,2.39,2.36,2.37,31177452,73956336
"SH688538","2024-03-04",2.38,2.38,2.33,2.34,33737212,79242616
"SH688538","2024-03-05",2.34,2.35,2.32,2.33,36204796,84565808
"SH688538","2024-03-06",2.33,2.36,2.33,2.34,25669248,60184880
"SH688538","2024-03-07",2.34,2.35,2.32,2.32,20988232,49011844
"SH688538","2024-03-08",2.32,2.34,2.29,2.32,31124410,71912736
"SH688538","2024-03-11",2.33,2.34,2.31,2.34,18242414,42420424
"SH688538","2024-03-12",2.34,2.36,2.34,2.35,25727122,60470464
"SH688538","2024-03-13",2.36,2.36,2.31,2.31,28618292,66464492
"SH688538","2024-03-14",2.32,2.33,2.27,2.28,26600198,61143764
"SH688538","2024-03-15",2.28,2.31,2.26,2.28,36609488,83560720
"SH688538","2024-03-18",2.29,2.33,2.29,2.3,29518488,67970536
"SH688538","2024-03-19",2.31,2.32,2.29,2.29,22011584,50659872
"SH688538","2024-03-20",2.29,2.3,2.28,2.29,20800480,47633112
"SH688538","2024-03-21",2.3,2.3,2.25,2.26,28235288,64105380
"SH688538","2024-03-22",2.27,2.27,2.21,2.21,27707400,61844888
"SH688538","2024-03-25",2.22,2.24,2.2,2.2,27736756,61520056
"SH688538","2024-03-26",2.2,2.22,2.18,2.2,26516944,58410536
"SH688538","2024-03-27",2.19,2.21,2.16,2.16,23396944,51002684
"SH688538","2024-03-28",2.16,2.2,2.15,2.16,23846822,51874392
"SH688538","2024-03-29",2.16,2.18,2.14,2.17,21884026,47223124
"SH688538","2024-04-01",2.17,2.24,2.17,2.23,31960716,70901592
"SH688538","2024-04-02",2.23,2.25,2.21,2.22,26787096,59578948
"SH688538","2024-04-03",2.22,2.23,2.21,2.22,20046292,44497560
"SH688538","2024-04-08",2.21,2.24,2.17,2.18,28152728,62076336
"SH688538","2024-04-09",2.17,2.19,2.16,2.17,20372186,44276288
"SH688538","2024-04-10",2.17,2.18,2.14,2.15,24959250,53904196
"SH688538","2024-04-11",2.15,2.19,2.14,2.16,27689574,59901124
"SH688538","2024-04-12",2.16,2.17,2.12,2.12,25722680,55070020
"SH688538","2024-04-15",2.12,2.16,2.07,2.12,33714624,71500496
"SH688538","2024-04-16",2.12,2.13,2.07,2.07,32888060,69036016
"SH688538","2024-04-17",2.08,2.14,2.07,2.14,33574196,71306760
"SH688538","2024-04-18",2.14,2.16,2.12,2.12,25582464,54652824
"SH688538","2024-04-19",2.12,2.15,2.11,2.11,25316336,53898836
"SH688538","2024-04-22",2.11,2.14,2.1,2.1,19666696,41593104
"SH688538","2024-04-23",2.11,2.12,2.06,2.07,24161750,50456804
"SH688538","2024-04-24",2.07,2.1,2.07,2.1,17323848,36147044
"SH688538","2024-04-25",2.1,2.11,2.07,2.09,21574832,45090832
"SH688538","2024-04-26",2.09,2.18,2.08,2.17,45152132,96412568
"SH688538","2024-04-29",2.17,2.23,2.16,2.22,42284096,93124904
"SH688538","2024-04-30",2.22,2.24,2.2,2.23,33414304,74300912
"SH688538","2024-05-06",2.24,2.27,2.22,2.22,26535912,59619124
"SH688538","2024-05-07",2.23,2.23,2.18,2.19,30160098,66449588
"SH688538","2024-05-08",2.2,2.2,2.15,2.15,26405496,57288056
"SH688538","2024-05-09",2.16,2.19,2.15,2.16,32237480,70009216
"SH688538","2024-05-10",2.16,2.17,2.13,2.14,25553418,54752552
"SH688538","2024-05-13",2.14,2.14,2.11,2.11,18547104,39302512
"SH688538","2024-05-14",2.12,2.15,2.11,2.12,23283564,49572420
"SH688538","2024-05-15",2.11,2.12,2.1,2.11,17914020,37764820
"SH688538","2024-05-16",2.11,2.12,2.09,2.11,27207972,57298944
"SH688538","2024-05-17",2.1,2.13,2.09,2.12,28642316,60444644
"SH688538","2024-05-20",2.12,2.14,2.1,2.1,26486788,56037500
"SH688538","2024-05-21",2.1,2.11,2.09,2.09,19981864,41886712
"SH688538","2024-05-22",2.09,2.11,2.08,2.11,18523476,38888112
"SH688538","2024-05-23",2.11,2.11,2.07,2.09,26523364,55227636
"SH688538","2024-05-24",2.08,2.1,2.07,2.09,18147746,37923252
"SH688538","2024-05-27",2.09,2.1,2.07,2.09,21306048,44432736
"SH688538","2024-05-28",2.09,2.09,2.06,2.07,26186124,54326992
"SH688538","2024-05-29",2.07,2.09,2.06,2.07,17419688,36186476
"SH688538","2024-05-30",2.06,2.09,2.06,2.08,20458512,42484712
"SH688538","2024-05-31",2.08,2.11,2.07,2.07,30473936,63629496
"SH688538","2024-06-03",2.08,2.08,2.02,2.04,36521624,74722112
"SH688538","2024-06-04",2.03,2.05,2.02,2.03,27234182,55424296
"SH688538","2024-06-05",2.03,2.05,2.02,2.02,25860572,52495780
"SH688538","2024-06-06",2.02,2.04,1.97,1.97,38218092,76401792
"SH688538","2024-06-07",1.97,2.02,1.97,2,32119736,64188700
"SH688538","2024-06-11",2,2.03,1.99,2.02,35926888,72372152
"SH688538","2024-06-12",2.02,2.05,2.01,2.03,20019812,40787872
"SH688538","2024-06-13",2.04,2.06,2.02,2.05,39918216,81553040
"SH688538","2024-06-14",2.04,2.06,1.99,2.05,55840732,112932704
"SH688538","2024-06-17",2.04,2.07,2.03,2.06,31769516,65155048
"SH688538","2024-06-18",2.06,2.09,2.05,2.08,32518876,67386848
"SH688538","2024-06-19",2.08,2.09,2.06,2.07,27078512,56200664
"SH688538","2024-06-20",2.08,2.09,2.04,2.05,31310980,64624284
"SH688538","2024-06-21",2.04,2.08,2.04,2.07,28773646,59453704
"SH688538","2024-06-24",2.07,2.07,2.01,2.02,26791680,54601808
"SH688538","2024-06-25",2.03,2.07,2,2,32895676,66855268
"SH688538","2024-06-26",2.01,2.04,1.99,2.03,27434308,55185944
"SH688538","2024-06-27",2.03,2.04,1.99,1.99,23045976,46352732
"SH688538","2024-06-28",1.99,2.03,1.98,1.98,45425564,91014944
"SH688538","2024-07-01",1.98,2.01,1.97,2,25847968,51419020
"SH688538","2024-07-02",2,2.02,1.99,2.01,25588936,51403908
"SH688538","2024-07-03",2.01,2.05,2,2.02,31494096,63799996
"SH688538","2024-07-04",2.03,2.03,1.98,1.99,27055742,54058552
"SH688538","2024-07-05",1.99,2.01,1.97,2,21901208,43630256
"SH688538","2024-07-08",2.01,2.02,1.98,1.98,25158188,50316084
"SH688538","2024-07-09",1.98,2.02,1.96,2.01,34498976,68789984
"SH688538","2024-07-10",2,2.04,2,2.02,24611126,49722904
"SH688538","2024-07-11",2.03,2.07,2.02,2.06,30859696,63359888
"SH688538","2024-07-12",2.07,2.08,2.05,2.07,23779542,49243408
"SH688538","2024-07-15",2.08,2.08,2.04,2.05,32185580,66206260
"SH688538","2024-07-16",2.05,2.06,2.01,2.02,29175332,59428864
"SH688538","2024-07-17",2.03,2.04,2,2,24941890,50177180
"SH688538","2024-07-18",2,2.01,1.98,1.99,28113364,56077780
"SH688538","2024-07-19",1.99,2.01,1.98,2,31524338,62865988
"SH688538","2024-07-22",2,2.01,1.97,1.98,32507584,64540248
"SH688538","2024-07-23",1.98,2,1.96,1.96,27701732,54759216
"SH688538","2024-07-24",1.96,1.97,1.93,1.94,29342056,57179116
"SH688538","2024-07-25",1.94,1.96,1.93,1.95,21925996,42790684
"SH688538","2024-07-26",1.95,1.98,1.95,1.97,21238356,41728204
"SH688538","2024-07-29",1.96,1.99,1.94,1.96,34989748,68697496
"SH688538","2024-07-30",1.96,2,1.95,1.99,25607928,50543952
"SH688538","2024-07-31",1.99,2.04,1.98,2.03,37541548,75742776
"SH688538","2024-08-01",2.04,2.07,2.03,2.06,37360072,76757784
"SH688538","2024-08-02",2.05,2.08,2.04,2.05,29236480,60313384
"SH688538","2024-08-05",2.05,2.07,2.01,2.02,34765344,71001272
"SH688538","2024-08-06",2.03,2.05,2.02,2.04,25160700,51226020
"SH688538","2024-08-07",2.04,2.06,2.03,2.05,15778559,32229916
"SH688538","2024-08-08",2.05,2.08,2.03,2.06,28385990,58386788
"SH688538","2024-08-09",2.07,2.08,2.04,2.04,21415876,44147468
"SH688538","2024-08-12",2.04,2.06,2.03,2.04,18622224,38030972
"SH688538","2024-08-13",2.04,2.06,2.03,2.06,20250786,41510036
"SH688538","2024-08-14",2.05,2.07,2.05,2.05,21703430,44724200
"SH688538","2024-08-15",2.05,2.1,2.05,2.08,44345472,92351672
"SH688538","2024-08-16",2.08,2.1,2.06,2.07,26753396,55531980
"SH688538","2024-08-19",2.08,2.1,2.07,2.08,25411804,52988644
"SH688538","2024-08-20",2.08,2.1,2.06,2.07,23175156,48190192
"SH688538","2024-08-21",2.07,2.09,2.06,2.06,16895236,35034960
"SH688538","2024-08-22",2.07,2.08,2.02,2.03,24640514,50393600
"SH688538","2024-08-23",2.03,2.07,2.02,2.06,27139920,55645096
"SH688538","2024-08-26",2.05,2.08,2.05,2.06,16675680,34421160
"SH688538","2024-08-27",2.07,2.07,2.04,2.05,22593544,46442912
"SH688538","2024-08-28",2.05,2.08,2.04,2.07,23023788,47562912
"SH688538","2024-08-29",2.07,2.08,2.05,2.05,21311100,44018040
"SH688538","2024-08-30",2.06,2.12,2.06,2.11,55996744,117903792
"SH688538","2024-09-02",2.12,2.15,2.11,2.11,42395928,90221192
"SH688538","2024-09-03",2.11,2.14,2.09,2.1,26244616,55464064
"SH688538","2024-09-04",2.1,2.11,2.08,2.08,16524837,34593100
"SH688538","2024-09-05",2.08,2.11,2.08,2.08,18091114,37805584
"SH688538","2024-09-06",2.08,2.09,2.04,2.04,21977960,45375632
"SH688538","2024-09-09",2.04,2.08,2.04,2.06,22235184,45828800
"SH688538","2024-09-10",2.07,2.08,2.04,2.08,22886856,47113112
"SH688538","2024-09-11",2.08,2.08,2.03,2.04,26471488,54313256
"SH688538","2024-09-12",2.04,2.08,2.04,2.05,26454412,54520016
"SH688538","2024-09-13",2.05,2.08,2.05,2.07,33863604,69996032
"SH688538","2024-09-18",2.06,2.07,2.02,2.03,28935258,58874916
"SH688538","2024-09-19",2.02,2.08,2.02,2.07,39259096,80459240
"SH688538","2024-09-20",2.08,2.08,2.05,2.06,23146092,47718408
"SH688538","2024-09-23",2.06,2.07,2.02,2.03,29162640,59447088
"SH688538","2024-09-24",2.03,2.11,2.03,2.11,48129628,100010776
"SH688538","2024-09-25",2.11,2.16,2.1,2.12,45382132,96798208
"SH688538","2024-09-26",2.13,2.18,2.11,2.18,46947808,101160288
"SH688538","2024-09-27",2.2,2.25,2.19,2.24,36693448,81660768
"SH688538","2024-09-30",2.31,2.52,2.31,2.52,162770784,395873952
"SH688538","2024-10-08",2.98,2.98,2.6,2.68,358458656,973909120
"SH688538","2024-10-09",2.56,2.68,2.46,2.5,174523408,447588800
"SH688538","2024-10-10",2.56,2.61,2.5,2.51,112154416,285750656
"SH688538","2024-10-11",2.53,2.53,2.36,2.4,83333280,203871648
"SH688538","2024-10-14",2.41,2.42,2.33,2.39,77441064,184526656
"SH688538","2024-10-15",2.39,2.4,2.31,2.31,73576080,173487312
"SH688538","2024-10-16",2.3,2.34,2.28,2.29,55281824,127597832
"SH688538","2024-10-17",2.3,2.33,2.25,2.26,60204436,137485824
"SH688538","2024-10-18",2.25,2.43,2.24,2.37,120618608,281055488
"SH688538","2024-10-21",2.38,2.45,2.36,2.4,110622592,265911552
"SH688538","2024-10-22",2.39,2.4,2.35,2.36,74589240,176361472
"SH688538","2024-10-23",2.36,2.43,2.36,2.41,81028648,194869040
"SH688538","2024-10-24",2.39,2.41,2.37,2.39,49760328,118890280
"SH688538","2024-10-25",2.4,2.44,2.4,2.42,73077064,177173424
"SH688538","2024-10-28",2.43,2.48,2.42,2.47,74036592,182082768
"SH688538","2024-10-29",2.49,2.49,2.4,2.41,77681080,189090256
"SH688538","2024-10-30",2.41,2.49,2.39,2.45,84935232,208001744
"SH688538","2024-10-31",2.44,2.54,2.42,2.52,106532272,266518960
"SH688538","2024-11-01",2.53,2.54,2.45,2.45,84274400,208642592
"SH688538","2024-11-04",2.45,2.51,2.45,2.51,58627400,145983136
"SH688538","2024-11-05",2.52,2.63,2.51,2.62,137160848,355089344
"SH688538","2024-11-06",2.63,2.67,2.58,2.61,155388048,407893056
"SH688538","2024-11-07",2.59,2.69,2.58,2.67,185597632,492228128
"SH688538","2024-11-08",2.68,2.77,2.66,2.69,265647952,717889472
"SH688538","2024-11-11",2.69,2.86,2.66,2.8,314887328,873608512
"SH688538","2024-11-12",2.8,2.8,2.67,2.69,231381424,629124608
"SH688538","2024-11-13",2.7,2.78,2.65,2.67,175510256,473658688
"SH688538","2024-11-14",2.67,2.68,2.56,2.58,111614232,291675968
"SH688538","2024-11-15",2.57,2.59,2.52,2.52,97452232,249012096
"SH688538","2024-11-18",2.52,2.58,2.48,2.5,95493088,242097936
"SH688538","2024-11-19",2.53,2.54,2.48,2.54,77222752,194100192
"SH688538","2024-11-20",2.54,2.58,2.51,2.55,93857984,238507744
"SH688538","2024-11-21",2.56,2.56,2.5,2.52,71323120,180265872
"SH688538","2024-11-22",2.53,2.54,2.43,2.43,79275072,197358848
"SH688538","2024-11-25",2.45,2.46,2.4,2.44,68400368,166057152
"SH688538","2024-11-26",2.43,2.46,2.41,2.42,54950984,133992104
"SH688538","2024-11-27",2.42,2.45,2.35,2.44,77037448,184905184
"SH688538","2024-11-28",2.45,2.48,2.44,2.47,75831856,187158096
"SH688538","2024-11-29",2.47,2.48,2.41,2.44,95008520,231976208
"SH688538","2024-12-02",2.43,2.53,2.42,2.52,99339760,247890816
"SH688538","2024-12-03",2.52,2.52,2.47,2.48,95372312,237015152
"SH688538","2024-12-04",2.49,2.51,2.43,2.44,79638712,196631776
"SH688538","2024-12-05",2.44,2.48,2.43,2.47,55121608,135665376
"SH688538","2024-12-06",2.46,2.63,2.45,2.61,172272352,441744288
"SH688538","2024-12-09",2.63,2.68,2.58,2.6,126396432,330569408
"SH688538","2024-12-10",2.67,2.69,2.57,2.58,118173632,309922080
"SH688538","2024-12-11",2.63,2.73,2.62,2.69,198250304,532022688
"SH688538","2024-12-12",2.7,2.7,2.64,2.68,117273912,312267840
"SH688538","2024-12-13",2.66,2.7,2.61,2.63,131218792,347455328
"SH688538","2024-12-16",2.62,2.65,2.58,2.6,72402336,188662672
"SH688538","2024-12-17",2.6,2.61,2.54,2.55,73522864,188644624
"SH688538","2024-12-18",2.55,2.59,2.54,2.56,57393908,147468720
"SH688538","2024-12-19",2.55,2.57,2.51,2.53,69804448,177201984
"SH688538","2024-12-20",2.53,2.56,2.51,2.52,74751736,189453392
"SH688538","2024-12-23",2.53,2.54,2.43,2.44,90388824,222883040
"SH688538","2024-12-24",2.44,2.46,2.41,2.43,62043888,151110560
"SH688538","2024-12-25",2.43,2.44,2.36,2.36,66219792,157384592
"SH688538","2024-12-26",2.36,2.39,2.35,2.35,46964840,111247752
"SH688538","2024-12-27",2.35,2.41,2.34,2.38,63002544,150433264
"SH688538","2024-12-30",2.38,2.39,2.34,2.37,63316752,149608864
"SH688538","2024-12-31",2.38,2.4,2.31,2.32,66163572,155896592
"SH688538","2025-01-02",2.33,2.34,2.25,2.26,72934208,167393936
"SH688538","2025-01-03",2.28,2.31,2.23,2.24,68001600,153924592
"SH688538","2025-01-06",2.25,2.26,2.21,2.23,46212600,103231952
"SH688538","2025-01-07",2.24,2.26,2.23,2.25,46277448,103913808
"SH688538","2025-01-08",2.25,2.25,2.18,2.22,53010032,117457888
"SH688538","2025-01-09",2.22,2.27,2.22,2.25,54057568,121397840
"SH688538","2025-01-10",2.26,2.26,2.18,2.18,55856740,123500664
"SH688538","2025-01-13",2.18,2.21,2.15,2.2,42486712,93015704
"SH688538","2025-01-14",2.21,2.27,2.2,2.26,56236460,125973384
"SH688538","2025-01-15",2.26,2.27,2.23,2.25,46544432,104645744
"SH688538","2025-01-16",2.25,2.31,2.25,2.28,58067668,132719576
"SH688538","2025-01-17",2.27,2.3,2.25,2.28,40073776,91345968
"SH688538","2025-01-20",2.29,2.32,2.26,2.27,44935364,102406960
"SH688538","2025-01-21",2.27,2.28,2.24,2.24,35246280,79387872
"SH688538","2025-01-22",2.24,2.25,2.21,2.23,37705280,83862320
"SH688538","2025-01-23",2.24,2.29,2.22,2.22,50473584,114007344
"SH688538","2025-01-24",2.22,2.25,2.21,2.24,45189172,101003632
"SH688538","2025-01-27",2.25,2.29,2.22,2.23,45275196,101796456
"SH688538","2025-02-05",2.24,2.26,2.21,2.22,57879760,129035656
"SH688538","2025-02-06",2.22,2.25,2.2,2.25,62994264,140625024
"SH688538","2025-02-07",2.25,2.34,2.24,2.29,99017688,226986800
"SH688538","2025-02-10",2.3,2.32,2.29,2.31,63464356,146318208
"SH688538","2025-02-11",2.31,2.32,2.26,2.27,58871148,134078016
"SH688538","2025-02-12",2.28,2.29,2.25,2.28,51636864,117407968
"SH688538","2025-02-13",2.28,2.32,2.27,2.28,62533496,143409472
"SH688538","2025-02-14",2.29,2.3,2.25,2.27,56750792,128976792
"SH688538","2025-02-17",2.27,2.29,2.25,2.28,67267704,152796336
"SH688538","2025-02-18",2.27,2.28,2.22,2.22,74577720,167805440
"SH688538","2025-02-19",2.22,2.25,2.22,2.23,53945140,120310824
"SH688538","2025-02-20",2.24,2.28,2.21,2.25,67668000,151928448
"SH688538","2025-02-21",2.25,2.29,2.22,2.29,97833208,220835856
"SH688538","2025-02-24",2.3,2.34,2.28,2.32,98760840,229032048
"SH688538","2025-02-25",2.3,2.35,2.29,2.33,82114560,190828976
"SH688538","2025-02-26",2.32,2.4,2.32,2.4,106275640,251868256
"SH688538","2025-02-27",2.41,2.42,2.34,2.36,82142224,194575456
"SH688538","2025-02-28",2.36,2.37,2.3,2.31,80586192,188356688
"SH688538","2025-03-03",2.31,2.36,2.31,2.32,62302900,145259744
"SH688538","2025-03-04",2.32,2.33,2.3,2.32,59120784,136957824
"SH688538","2025-03-05",2.32,2.34,2.26,2.29,70296912,160735856
"SH688538","2025-03-06",2.3,2.32,2.27,2.31,62919376,144761920
"SH688538","2025-03-07",2.31,2.33,2.28,2.29,63051272,145259760
"SH688538","2025-03-10",2.3,2.31,2.27,2.28,55827376,127671240
"SH688538","2025-03-11",2.27,2.29,2.26,2.28,64935048,147636128
"SH688538","2025-03-12",2.28,2.29,2.25,2.26,81802312,185115120
"SH688538","2025-03-13",2.26,2.26,2.21,2.22,88999056,198332928
"SH688538","2025-03-14",2.23,2.27,2.22,2.26,60854172,136705648
"SH688538","2025-03-17",2.26,2.3,2.26,2.28,74996328,171419200
"SH688538","2025-03-18",2.29,2.29,2.27,2.28,45509884,103685152
"SH688538","2025-03-19",2.27,2.28,2.23,2.25,72134008,162069600
"SH688538","2025-03-20",2.25,2.27,2.24,2.24,51963576,117138912
"SH688538","2025-03-21",2.24,2.28,2.23,2.25,77094888,173526176
"SH688538","2025-03-24",2.24,2.25,2.2,2.22,69113624,153293616
"SH688538","2025-03-25",2.22,2.25,2.21,2.24,44994168,100572472
"SH688538","2025-03-26",2.23,2.25,2.23,2.24,30726526,68829976
"SH688538","2025-03-27",2.24,2.26,2.22,2.24,44058400,98738016
"SH688538","2025-03-28",2.24,2.25,2.21,2.22,42969532,95589512
"SH688538","2025-03-31",2.22,2.22,2.19,2.19,48390928,106544528
"SH688538","2025-04-01",2.2,2.22,2.19,2.21,37573992,82972400
"SH688538","2025-04-02",2.2,2.22,2.2,2.21,24836784,55012604
"SH688538","2025-04-03",2.21,2.23,2.2,2.21,35207952,77901824
"SH688538","2025-04-07",2.17,2.17,1.95,1.97,122758368,250634176
"SH688538","2025-04-08",1.98,2.05,1.98,2.04,81987088,165863232
"SH688538","2025-04-09",2.02,2.1,1.99,2.08,88831976,182407664
"SH688538","2025-04-10",2.09,2.12,2.08,2.09,61936444,129957600
"SH688538","2025-04-11",2.08,2.11,2.08,2.1,49326880,103399168
"SH688538","2025-04-14",2.11,2.14,2.1,2.12,46198480,97992904
"SH688538","2025-04-15",2.13,2.13,2.09,2.11,37876044,79595896
"SH688538","2025-04-16",2.11,2.11,2.07,2.09,42319292,88355368
"SH688538","2025-04-17",2.08,2.11,2.08,2.1,28943290,60740796
"SH688538","2025-04-18",2.1,2.12,2.08,2.11,33047932,69507368
"SH688538","2025-04-21",2.11,2.13,2.1,2.11,26087460,55223028
"SH688538","2025-04-22",2.11,2.12,2.1,2.1,29051764,61290284
"SH688538","2025-04-23",2.11,2.13,2.11,2.11,30078388,63707832
"SH688538","2025-04-24",2.12,2.13,2.1,2.1,32068192,67715304
"SH688538","2025-04-25",2.11,2.18,2.1,2.17,67546616,145564592
"SH688538","2025-04-28",2.17,2.18,2.13,2.16,40509884,87369776
"SH688538","2025-04-29",2.16,2.2,2.15,2.19,38655640,84508536
"SH688538","2025-04-30",2.19,2.2,2.17,2.18,35447276,77385896
