industry_pair,stock_pair,spread_std,total_avg_volume,annualized_return,max_drawdown,sharpe_ratio
医药生物-电子,"('000739.SZ', '000636.SZ')",0.9299753899718693,447712526.79365075,10.55744396,-0.5370524738122431,1.8020838872430707
医药生物-电力设备,"('301301.SZ', '601179.SH')",1.4534417178216261,1201863309.1904762,1574.85162435,-2.216286094760524,-3.6308611753402156
医药生物-电力设备,"('600521.SH', '601179.SH')",1.113608991419879,955047443.5555556,1574.85162435,-2.216286094760524,-3.6308611753402156
医药生物-非银金融,"('603707.SH', '601162.SH')",0.7737303569969615,2074947361.3333335,211.67437178000006,-4.601084294696092,-2.616102137192978
医药生物-非银金融,"('600079.SH', '601456.SH')",1.2568736971906207,1087131262.8253968,211.67437178000006,-4.601084294696092,-2.616102137192978
医药生物-基础化工,"('301301.SZ', '600096.SH')",1.457194853330951,1103576557.0,-0.9769696399999998,-0.99371752993489,0.134397029112499
医药生物-基础化工,"('600079.SH', '600096.SH')",1.3945859462306887,994414853.2063491,-0.9769696399999998,-0.99371752993489,0.134397029112499
医药生物-国防军工,"('600521.SH', '600765.SH')",1.1203594961527938,756561709.0476191,0.43694701000000014,-0.13114441938362387,1.0327598987715845
医药生物-国防军工,"('000623.SZ', '600118.SH')",1.416913129877204,697061602.3174603,0.43694701000000014,-0.13114441938362387,1.0327598987715845
医药生物-计算机,"('000623.SZ', '600131.SH')",1.1023316210858505,523654656.952381,1.6786384300000003,-1.7421303752546613,-1.3045180789859967
医药生物-计算机,"('300595.SZ', '002373.SZ')",1.3194198021976042,510606403.0,1.6786384300000003,-1.7421303752546613,-1.3045180789859967
医药生物-有色金属,"('301301.SZ', '000426.SZ')",1.333045631548126,958861824.8730159,17.685162790000003,-2.09349144,-2.0535177307392627
医药生物-有色金属,"('301301.SZ', '002532.SZ')",1.3212606564869476,949359257.8888888,17.685162790000003,-2.09349144,-2.0535177307392627
医药生物-机械设备,"('300003.SZ', '000039.SZ')",1.227971673600101,550499719.7142857,1.6186260300000002,-1.1323476499999998,-1.0082684292453916
医药生物-机械设备,"('300009.SZ', '600499.SH')",0.8294121853071772,307272770.3492063,1.6186260300000002,-1.1323476499999998,-1.0082684292453916
医药生物-公用事业,"('301301.SZ', '600995.SH')",1.4744105103398764,608095797.8015873,6443.330071120002,-17.16940314979969,-0.5641463605954642
医药生物-公用事业,"('000513.SZ', '600863.SH')",1.3696669497096354,558336433.1111112,6443.330071120002,-17.16940314979969,-0.5641463605954642
医药生物-传媒,"('603456.SH', '002739.SZ')",1.363711356467221,633947783.3650794,1.2188176899999998,-0.8307336000000001,0.946180394681372
医药生物-传媒,"('300009.SZ', '002739.SZ')",1.1224091198580302,585426600.8571429,1.2188176899999998,-0.8307336000000001,0.946180394681372
医药生物-汽车,"('300142.SZ', '601966.SH')",1.3709113416941148,616824829.6507937,-0.6154304000000003,-0.7026757018958252,-0.44500596893735206
医药生物-汽车,"('600529.SH', '601966.SH')",1.245959679772907,549205622.2222222,-0.6154304000000003,-0.7026757018958252,-0.44500596893735206
医药生物-交通运输,"('301301.SZ', '002120.SZ')",1.4540145259372848,708258712.3333334,88.80826395000001,-1.7481474821479717,-2.461484963392319
医药生物-交通运输,"('600079.SH', '603885.SH')",1.1884095357879743,596676175.1269841,88.80826395000001,-1.7481474821479717,-2.461484963392319
医药生物-钢铁,"('002044.SZ', '600808.SH')",0.6423428411330846,591751655.968254,9122900.863858229,-5.602179553606139,-4.596840914721728
医药生物-钢铁,"('600056.SH', '000709.SZ')",0.514848151569079,349163804.69841266,9122900.863858229,-5.602179553606139,-4.596840914721728
医药生物-食品饮料,"('300595.SZ', '002507.SZ')",1.1320852770701098,364532804.71428573,0.1477919900000002,-0.05898374455016109,0.8342351684128492
医药生物-食品饮料,"('600056.SH', '002507.SZ')",0.5446095849437906,363139622.71428573,0.1477919900000002,-0.05898374455016109,0.8342351684128492
医药生物-煤炭,"('600056.SH', '600157.SH')",0.5050031839183146,1237658928.2857144,19356.126337169997,-7.991218845344096,-2.892490632158368
医药生物-煤炭,"('301301.SZ', '002128.SZ')",1.4725673801832597,791048377.3809524,19356.126337169997,-7.991218845344096,-2.892490632158368
医药生物-房地产,"('000739.SZ', '002244.SZ')",0.7640690147116262,648120612.2222222,866.6860486600007,-6.23915391,-2.6766031276858113
医药生物-房地产,"('000513.SZ', '600325.SH')",1.1574492776760092,520587363.5555556,866.6860486600007,-6.23915391,-2.6766031276858113
医药生物-银行,"('600739.SH', '601997.SH')",0.9876739200460923,385459947.0952381,22.720351030000007,-2.1299881414954474,-1.9917939241274643
医药生物-银行,"('603707.SH', '601997.SH')",0.8884530883246851,333912754.9206349,22.720351030000007,-2.1299881414954474,-1.9917939241274643
医药生物-石油石化,"('300003.SZ', '601233.SH')",0.8808633176276539,663599615.2698412,20204.89705332,-5.9336763483734165,-2.9911841487435
医药生物-石油石化,"('600056.SH', '600871.SH')",0.5380302847438864,321466655.38095236,20204.89705332,-5.9336763483734165,-2.9911841487435
医药生物-环保,"('300595.SZ', '300070.SZ')",1.3829194087837484,408684171.3492063,27.901589690000005,-4.11639691449716,-1.993732909336477
医药生物-环保,"('603707.SH', '600008.SH')",0.9734134815409423,339779730.38095236,27.901589690000005,-4.11639691449716,-1.993732909336477
医药生物-家用电器,"('002044.SZ', '002429.SZ')",0.7133079471082803,737211371.920635,21.919991460000006,-0.8159947966069572,2.071888911043476
医药生物-家用电器,"('300595.SZ', '002508.SZ')",1.3748550241778632,380512826.1904762,21.919991460000006,-0.8159947966069572,2.071888911043476
医药生物-农林牧渔,"('300142.SZ', '000998.SZ')",1.270992603018043,568604316.2222222,6.419715450000001,-0.8487431300000001,1.2301890301027205
医药生物-农林牧渔,"('603456.SH', '000998.SZ')",0.925676543494469,457114195.39682543,6.419715450000001,-0.8487431300000001,1.2301890301027205
医药生物-建筑材料,"('603456.SH', '601636.SH')",1.4328610066321232,449031082.8095238,0.0,0.0,-inf
医药生物-建筑材料,"('300009.SZ', '002080.SZ')",1.4915953429073394,441928140.3333334,0.0,0.0,-inf
医药生物-通信,"('600739.SH', '688387.SH')",0.8122391529973939,286263000.9603175,-1.5712637200000001,-1.4399862762508175,-1.32502792432522
医药生物-建筑装饰,"('301301.SZ', '601611.SH')",1.460301266445176,707722890.031746,633.96943223,-1.871392794626272,-2.946903466393566
医药生物-建筑装饰,"('300003.SZ', '600970.SH')",0.9827649938501539,490336750.1746032,633.96943223,-1.871392794626272,-2.946903466393566
医药生物-商贸零售,"('600056.SH', '600859.SH')",0.7669352541907695,586050748.4444444,0.12731836000000007,-0.17176604512301819,0.6351841227953182
医药生物-轻工制造,"('300595.SZ', '002572.SZ')",1.2828249799455105,415140299.04761904,0.8481977799999991,-0.6688713581589516,0.8596017544657633
医药生物-社会服务,"('603456.SH', '300144.SZ')",1.1508315575654726,558365818.4444444,0.8724219099999995,-0.4744340359479142,0.957674109327624
医药生物-社会服务,"('300142.SZ', '600258.SH')",1.4688383161061993,535260580.61904764,0.8724219099999995,-0.4744340359479142,0.957674109327624
电子-电力设备,"('300285.SZ', '002340.SZ')",1.2518454365819296,947254896.4603174,5.76383061,-2.76342771,-1.330508135717239
电子-电力设备,"('002436.SZ', '688567.SH')",0.8827163525369542,916785373.9365079,5.76383061,-2.76342771,-1.330508135717239
电子-非银金融,"('688538.SH', '601162.SH')",0.9932325003031811,2092629874.7619047,4.17245135,-1.1201570500000002,-1.4435664532049624
电子-非银金融,"('002185.SZ', '002797.SZ')",0.6089566148695639,1825992423.6190476,4.17245135,-1.1201570500000002,-1.4435664532049624
电子-基础化工,"('002185.SZ', '600096.SH')",1.1460812358379957,1352416668.952381,-1.00176569,-1.025922439221952,-0.036723895756556164
电子-基础化工,"('002436.SZ', '000893.SZ')",1.4801124603902625,1024374633.7777778,-1.00176569,-1.025922439221952,-0.036723895756556164
电子-国防军工,"('000021.SZ', '600862.SH')",1.077685363225706,1427142554.8253968,-0.9356718499999999,-0.9604205314938217,-0.5897456422467523
电子-国防军工,"('300136.SZ', '300699.SZ')",1.3775228885504462,1197142945.3333333,-0.9356718499999999,-0.9604205314938217,-0.5897456422467523
电子-计算机,"('300136.SZ', '000066.SZ')",1.3941875755302726,2653818846.698413,13143.253503299995,-2.11373324,0.07799164147965695
电子-计算机,"('688172.SH', '000066.SZ')",1.4962042464074496,2026218206.6785715,13143.253503299995,-2.11373324,0.07799164147965695
电子-有色金属,"('002436.SZ', '600392.SH')",1.1562827780310225,1135270162.5714285,0.9327211900000001,-1.0091178600000001,-0.4771624785084802
电子-有色金属,"('300285.SZ', '000878.SZ')",1.1692095786052785,796742665.7936507,0.9327211900000001,-1.0091178600000001,-0.4771624785084802
电子-机械设备,"('002138.SZ', '002008.SZ')",1.429835028730477,1066732029.0476191,1.9412449700000005,-0.32931900999999997,1.3231766668453444
电子-机械设备,"('300054.SZ', '002008.SZ')",1.1238420715151467,1038342548.0634921,1.9412449700000005,-0.32931900999999997,1.3231766668453444
电子-公用事业,"('601231.SH', '600863.SH')",1.2709782305311046,622941986.3333334,227123855.6306336,-4.984095924149279,-4.981572075667246
电子-公用事业,"('300285.SZ', '600021.SH')",1.2946236158473505,598929125.2539682,227123855.6306336,-4.984095924149279,-4.981572075667246
电子-传媒,"('002138.SZ', '300058.SZ')",1.403410579053436,1920584925.936508,37.447340090000004,-5.272559088218512,-1.9283102055221721
电子-传媒,"('000050.SZ', '300058.SZ')",1.2775571550865126,1738442871.8730159,37.447340090000004,-5.272559088218512,-1.9283102055221721
电子-汽车,"('002436.SZ', '600699.SH')",1.0303632714701094,1174509401.4285715,3433909.50066636,-7.958922678749384,-3.44479105341018
电子-汽车,"('601231.SH', '600166.SH')",1.2477122883879606,559253756.1111112,3433909.50066636,-7.958922678749384,-3.44479105341018
电子-交通运输,"('002436.SZ', '600153.SH')",0.9736822856807184,1064317282.0952381,5.947911130000004,-0.8324481260773801,1.6696984498724161
电子-交通运输,"('600707.SH', '600153.SH')",0.6886727230854379,603258482.8253968,5.947911130000004,-0.8324481260773801,1.6696984498724161
电子-钢铁,"('002436.SZ', '000959.SZ')",1.3564540308412103,866623195.2301588,166.67537272000004,-24.119649420000002,-0.879569380680143
电子-钢铁,"('002436.SZ', '000898.SZ')",1.3971249965072658,857809820.3968254,166.67537272000004,-24.119649420000002,-0.879569380680143
电子-煤炭,"('600707.SH', '600157.SH')",0.5428866879008947,1357281384.0952382,2204.7278793900005,-5.562877669477667,-2.758813575694293
电子-煤炭,"('000050.SZ', '600157.SH')",0.7351666927876201,1250252918.063492,2204.7278793900005,-5.562877669477667,-2.758813575694293
电子-房地产,"('300285.SZ', '600325.SH')",1.2311226270812867,536974124.7142857,173.21519481,-3.2506972425877736,-3.014879321256499
电子-房地产,"('000050.SZ', '600208.SH')",0.5550913160252718,474509019.7777778,173.21519481,-3.2506972425877736,-3.014879321256499
电子-银行,"('300285.SZ', '002966.SZ')",1.4262123321552003,580155974.9047619,188.50397943000002,-9.52949113,-1.5288521784331857
电子-银行,"('300285.SZ', '601997.SH')",1.3196868208752908,457000284.39682543,188.50397943000002,-9.52949113,-1.5288521784331857
电子-石油石化,"('002436.SZ', '600688.SH')",1.4354194183568225,850138840.2698413,4.281269969999999,-4.48791647,-1.476323825839188
电子-环保,"('002436.SZ', '000967.SZ')",1.1526543971630485,885343620.4920635,39.83844401000001,-2.5667759599999993,-2.323249740272849
电子-环保,"('600707.SH', '000967.SZ')",0.5742231381790188,424284821.22222227,39.83844401000001,-2.5667759599999993,-2.323249740272849
电子-家用电器,"('000021.SZ', '600839.SH')",1.0484857219704973,3999564048.8888884,773.1650339799999,-3.670808356510619,-3.233631836027125
电子-家用电器,"('300136.SZ', '600839.SH')",1.4477824577917375,3664421633.904762,773.1650339799999,-3.670808356510619,-3.233631836027125
电子-农林牧渔,"('300285.SZ', '600737.SH')",1.2163608688868859,556213032.2698413,6.014130890000001,-1.6641246200000002,-1.768139262569725
电子-农林牧渔,"('688538.SH', '600598.SH')",0.7717291632907691,359133167.6825397,6.014130890000001,-1.6641246200000002,-1.768139262569725
电子-建筑材料,"('300285.SZ', '600801.SH')",1.1794983536575656,362538346.28571427,63.972008290000005,-1.0572040704593653,-0.585073870326356
电子-建筑装饰,"('000050.SZ', '600170.SH')",0.761466219716312,489807163.3650794,17.38759546,-3.1196992417897906,-2.091006380665353
电子-建筑装饰,"('300285.SZ', '600820.SH')",1.316942592404992,443410224.9047619,17.38759546,-3.1196992417897906,-2.091006380665353
电子-商贸零售,"('600707.SH', '000785.SZ')",0.5488032013713583,644725175.5952382,384.97861769,-6.68903666,-2.722302839708888
电子-商贸零售,"('601231.SH', '000785.SZ')",1.007823917912361,622015004.7222223,384.97861769,-6.68903666,-2.722302839708888
电子-轻工制造,"('300285.SZ', '002078.SZ')",1.1832279520253837,498913928.1111111,73.60500389999999,-0.9352011197414849,2.028687420965764
电子-轻工制造,"('300285.SZ', '002572.SZ')",1.2393243221615438,462440609.9206349,73.60500389999999,-0.9352011197414849,2.028687420965764
电子-纺织服饰,"('600707.SH', '600177.SH')",0.5033449800831374,485748560.79365087,1.7988065300000011,-0.667589729425434,0.9183417882240501
电子-纺织服饰,"('600707.SH', '002563.SZ')",0.5487002674453447,412910751.3809524,1.7988065300000011,-0.667589729425434,0.9183417882240501
电子-社会服务,"('600707.SH', '002607.SZ')",0.5776573573608512,1526913848.3174603,658.5211225700002,-5.292165667664223,-2.7925779076472232
电力设备-非银金融,"('002340.SZ', '601162.SH')",0.8922733128192802,2679961772.126984,307.19114657000006,-7.562666344876589,-2.2723771523061846
电力设备-非银金融,"('688772.SH', '601162.SH')",1.0119640751752967,2187698782.984127,307.19114657000006,-7.562666344876589,-2.2723771523061846
电力设备-基础化工,"('002340.SZ', '600096.SH')",1.0284535016268537,1319232913.2063491,202.41786166999998,-5.030787409968448,-2.425835428595955
电力设备-基础化工,"('300001.SZ', '601216.SH')",1.445907661111048,903726462.1111112,202.41786166999998,-5.030787409968448,-2.425835428595955
电力设备-国防军工,"('002340.SZ', '000519.SZ')",1.1878942249035576,1283525897.174603,-0.03516056999999928,-0.15817010167158452,-0.26852329559730503
电力设备-国防军工,"('002340.SZ', '600879.SH')",0.6785058725784958,1220040973.301587,-0.03516056999999928,-0.15817010167158452,-0.26852329559730503
电力设备-计算机,"('002340.SZ', '002410.SZ')",1.4950139479650786,1237131900.031746,-0.49012252,-0.77363558854874,0.165758613899592
电力设备-计算机,"('002340.SZ', '002152.SZ')",1.1957096806593301,1229955724.3174603,-0.49012252,-0.77363558854874,0.165758613899592
电力设备-有色金属,"('002340.SZ', '002532.SZ')",0.6310542962044632,1165015614.095238,0.039425370000000015,-0.053494579226259775,0.15047016895255888
电力设备-有色金属,"('002340.SZ', '600549.SH')",1.2385957990934346,1117933882.1904762,0.039425370000000015,-0.053494579226259775,0.15047016895255888
电力设备-机械设备,"('600885.SH', '002008.SZ')",1.3718443664598559,929683034.7301587,5.291380269999999,-0.847420774409618,1.5848179549487809
电力设备-机械设备,"('002531.SZ', '600582.SH')",0.8594040038826819,483818427.8253968,5.291380269999999,-0.847420774409618,1.5848179549487809
电力设备-公用事业,"('002340.SZ', '000155.SZ')",0.5993513259785045,932884830.079365,-14.614200859999997,-2.764680759747502,-4.007952273222656
电力设备-公用事业,"('002487.SZ', '600021.SH')",1.433651601748611,647810464.920635,-14.614200859999997,-2.764680759747502,-4.007952273222656
电力设备-传媒,"('300001.SZ', '002517.SZ')",1.2075549891121267,1000640855.3650794,394.34971933,-1.97552305755266,-3.084626399872746
电力设备-传媒,"('002340.SZ', '600637.SH')",0.6490581141375017,943666413.5873015,394.34971933,-1.97552305755266,-3.084626399872746
电力设备-汽车,"('002340.SZ', '000559.SZ')",0.6216588041165669,901410703.7460318,-2.2269520799999993,-1.3490695789029,0.37801969181314066
电力设备-汽车,"('002340.SZ', '601965.SH')",1.0299054861995907,833501574.3174603,-2.2269520799999993,-1.3490695789029,0.37801969181314066
电力设备-交通运输,"('002340.SZ', '600153.SH')",0.8493615027611807,1014256401.2063491,0.1570615900000003,-0.04016717556587557,1.2211590142099669
电力设备-交通运输,"('002340.SZ', '603885.SH')",0.9279236127374371,921494235.1269841,0.1570615900000003,-0.04016717556587557,1.2211590142099669
电力设备-钢铁,"('002340.SZ', '002318.SZ')",1.4228274979470226,856662029.2857143,5316.925345290001,-3.3256076021455274,-1.802149215290726
电力设备-钢铁,"('600416.SH', '000778.SZ')",1.3009465758810599,369592581.1746032,5316.925345290001,-3.3256076021455274,-1.802149215290726
电力设备-食品饮料,"('002340.SZ', '002507.SZ')",0.7436098693309513,893759996.9047618,0.20640909000000018,-0.028783977695048923,1.4776113442080094
电力设备-食品饮料,"('002531.SZ', '300146.SZ')",0.8664039586583315,462157639.0793651,0.20640909000000018,-0.028783977695048923,1.4776113442080094
电力设备-煤炭,"('002531.SZ', '601666.SH')",0.8408294644730646,650134005.3492063,0.0,0.0,-inf
电力设备-煤炭,"('002531.SZ', '600546.SH')",1.1622944627217913,592907851.6031747,0.0,0.0,-inf
电力设备-房地产,"('002340.SZ', '600848.SH')",0.5564821388275851,794513008.1269841,0.15622032000000008,-0.0661253610426521,1.1440574769948975
电力设备-房地产,"('002340.SZ', '600007.SH')",1.3230989465737573,788288640.4285713,0.15622032000000008,-0.0661253610426521,1.1440574769948975
电力设备-银行,"('601615.SH', '601997.SH')",1.2165422986570087,610275165.9365079,817393.6861302399,-11.296277864202104,1.0812989437638942
电力设备-银行,"('601615.SH', '002958.SZ')",1.3266893771371606,559101359.2539682,817393.6861302399,-11.296277864202104,1.0812989437638942
电力设备-石油石化,"('601179.SH', '600968.SH')",0.5503870366300716,897084798.0,48.83357076,-1.576767929315181,-2.478797574706604
电力设备-石油石化,"('002531.SZ', '600583.SH')",0.9034783504342578,455906359.8253968,48.83357076,-1.576767929315181,-2.478797574706604
电力设备-环保,"('002340.SZ', '603568.SH')",0.9869705104974843,816371458.2539682,0.03574636000000009,-0.06839552335745114,0.12807070304361365
电力设备-环保,"('002340.SZ', '300140.SZ')",0.6498325492465965,783367596.2777777,0.03574636000000009,-0.06839552335745114,0.12807070304361365
电力设备-家用电器,"('300118.SZ', '002508.SZ')",1.1601136912559367,691392299.1111112,-172.94254532999997,-2.494017173480864,-3.0008486326276222
电力设备-家用电器,"('688567.SH', '002429.SZ')",1.407264277021742,493421350.36507934,-172.94254532999997,-2.494017173480864,-3.0008486326276222
电力设备-农林牧渔,"('002340.SZ', '600737.SH')",0.5102347475087271,1038139913.5873015,0.07412477000000006,-0.10325763877568728,0.35086275073454765
电力设备-农林牧渔,"('002340.SZ', '600598.SH')",0.6481249704805393,946465065.047619,0.07412477000000006,-0.10325763877568728,0.35086275073454765
电力设备-建筑材料,"('002340.SZ', '000401.SZ')",0.5450185870490338,778915045.3492063,-0.010808079999999998,-0.0648559639534384,-0.5010072460824252
电力设备-建筑材料,"('002531.SZ', '601636.SH')",0.5859796925564353,486912225.5873016,-0.010808079999999998,-0.0648559639534384,-0.5010072460824252
电力设备-通信,"('688772.SH', '600487.SH')",1.0444450421883864,1005926276.7619048,0.5543648000000001,-0.2853649850377973,0.8601376198473905
电力设备-通信,"('002340.SZ', '688387.SH')",0.60142640161729,839730219.579365,0.5543648000000001,-0.2853649850377973,0.8601376198473905
电力设备-建筑装饰,"('002531.SZ', '600720.SH')",0.8396486182097814,373595903.7777778,0.0353012399999999,-0.22378183999999957,0.18068050154539367
电力设备-建筑装饰,"('000009.SZ', '600720.SH')",0.7063946473729984,340792056.3015873,0.0353012399999999,-0.22378183999999957,0.18068050154539367
电力设备-商贸零售,"('002340.SZ', '600859.SH')",1.004751205906816,1116671122.6349206,-0.87706705,-1.2958753501142342,0.27744248050881803
电力设备-商贸零售,"('002340.SZ', '000785.SZ')",0.6928084419805042,1055723093.9761904,-0.87706705,-1.2958753501142342,0.27744248050881803
电力设备-轻工制造,"('002340.SZ', '002572.SZ')",1.4402692746083159,944367491.2380952,1367.5168485599995,-3.2720698683086438,1.4955973720123268
电力设备-轻工制造,"('002340.SZ', '002831.SZ')",1.333097557293444,810193874.0238094,1367.5168485599995,-3.2720698683086438,1.4955973720123268
电力设备-纺织服饰,"('002340.SZ', '002563.SZ')",0.5005623268669742,823908669.7619047,0.28294604999999984,-0.10533669562378689,1.5167533071910084
电力设备-社会服务,"('002340.SZ', '002607.SZ')",0.66809735026906,1937911766.6984127,-0.9872768700000001,-0.9947670897827372,0.056515329981563854
电力设备-社会服务,"('002340.SZ', '300012.SZ')",1.000829713335478,1023810429.9682539,-0.9872768700000001,-0.9947670897827372,0.056515329981563854
非银金融-基础化工,"('601162.SH', '600096.SH')",0.813401201095882,2570012907.5555553,17.43182564,-6.253990654190892,0.9763061173402142
非银金融-基础化工,"('601099.SH', '600096.SH')",0.9315020689569105,1739749645.4603174,17.43182564,-6.253990654190892,0.9763061173402142
非银金融-国防军工,"('601198.SH', '600879.SH')",0.7757942169047548,1060004835.7777778,1.4231471299999998,-0.6180197034448521,1.1366288327199396
非银金融-国防军工,"('601198.SH', '600862.SH')",1.3167742866233187,900453692.984127,1.4231471299999998,-0.6180197034448521,1.1366288327199396
非银金融-计算机,"('002673.SZ', '600131.SH')",1.141889746210133,941943528.3174603,5.38754,-0.8802420200000001,1.489854763668292
非银金融-计算机,"('601456.SH', '600271.SH')",0.7293424916652573,866173981.9047619,5.38754,-0.8802420200000001,1.489854763668292
非银金融-有色金属,"('002673.SZ', '600392.SH')",0.797098048624494,1003350462.5714285,3.8261112400000004,-1.2032751208197037,0.5198583758827438
非银金融-有色金属,"('600109.SH', '600497.SH')",0.5269469894623257,886191640.5396826,3.8261112400000004,-1.2032751208197037,0.5198583758827438
非银金融-机械设备,"('601456.SH', '601399.SH')",0.924342020119595,813235970.9444444,19874.015124350008,-18.905869890984725,-0.6104057419139477
非银金融-机械设备,"('601456.SH', '601106.SH')",0.8673736998634675,794426420.2460318,19874.015124350008,-18.905869890984725,-0.6104057419139477
非银金融-公用事业,"('002673.SZ', '600578.SH')",0.8688257650513567,745659482.031746,31.497956449999997,-2.3804634630226484,-2.4415203172974222
非银金融-公用事业,"('601108.SH', '600578.SH')",0.6309601865190163,515677665.93650794,31.497956449999997,-2.3804634630226484,-2.4415203172974222
非银金融-传媒,"('002670.SZ', '300058.SZ')",1.0758475273209602,2285199833.968254,1302.56678044,-1.7854193548441475,-1.881626423532688
非银金融-传媒,"('002945.SZ', '300058.SZ')",0.9024123112582901,1877894385.3333333,1302.56678044,-1.7854193548441475,-1.881626423532688
非银金融-汽车,"('002670.SZ', '000559.SZ')",1.4735855927498194,930141281.4285715,86.6776031,-2.6355802625596985,-0.39432662441056476
非银金融-汽车,"('600155.SH', '000559.SZ')",0.5881217855705859,517336685.26984125,86.6776031,-2.6355802625596985,-0.39432662441056476
非银金融-交通运输,"('601108.SH', '603885.SH')",0.6620569618467728,609653599.920635,3.72649378,-1.7659110928762773,-2.373386916692757
非银金融-交通运输,"('601696.SH', '600704.SH')",0.7673067325588507,608306546.7619047,3.72649378,-1.7659110928762773,-2.373386916692757
非银金融-钢铁,"('600109.SH', '000898.SZ')",0.5622553122672738,419743257.8571428,16349.20124353,-4.138766136935195,0.08927071733822084
非银金融-钢铁,"('600901.SH', '002318.SZ')",1.4714464567054382,368622374.30158734,16349.20124353,-4.138766136935195,0.08927071733822084
非银金融-食品饮料,"('002670.SZ', '000729.SZ')",1.4345924679962752,962039733.047619,2.9484675900000004,-1.1207308199264587,-0.9235906167499965
非银金融-食品饮料,"('600109.SH', '002507.SZ')",0.503588129249315,505754315.25396824,2.9484675900000004,-1.1207308199264587,-0.9235906167499965
非银金融-煤炭,"('601456.SH', '600157.SH')",0.9592123775118713,1751046847.5238094,191857.22971472997,-7.779953458087202,-3.2362562966778543
非银金融-煤炭,"('601108.SH', '600157.SH')",0.5635973751740778,1456438667.2698412,191857.22971472997,-7.779953458087202,-3.2362562966778543
非银金融-房地产,"('601162.SH', '601155.SH')",0.9814269219865014,2247721612.6349206,0.6542346200000011,-0.14176768834298625,1.9308490148473636
非银金融-房地产,"('601099.SH', '601155.SH')",1.3860306183173032,1417458350.5396824,0.6542346200000011,-0.14176768834298625,1.9308490148473636
非银金融-银行,"('601696.SH', '601997.SH')",0.7779745569386656,580472964.0,109.14637637,-5.810153095978239,0.19657817564294794
非银金融-银行,"('601108.SH', '002958.SZ')",0.5690864280140588,575912723.8253968,109.14637637,-5.810153095978239,0.19657817564294794
非银金融-石油石化,"('601456.SH', '600871.SH')",1.0441442504759226,834854574.6190476,392.10130810000004,-6.549278631378592,-2.314331179713639
非银金融-石油石化,"('002673.SZ', '600339.SH')",0.8101098168290739,781948096.2063493,392.10130810000004,-6.549278631378592,-2.314331179713639
非银金融-环保,"('002673.SZ', '600008.SH')",0.8074299922037353,862935322.0634921,4.86716996,-2.50331022,-0.09977909038614101
非银金融-环保,"('000750.SZ', '600008.SH')",0.5240245460344823,849683757.8730159,4.86716996,-2.50331022,-0.09977909038614101
非银金融-农林牧渔,"('601162.SH', '600598.SH')",0.5546649566428519,2197245059.3968253,227.03584389999995,-2.23339334,-3.0890759904524967
非银金融-农林牧渔,"('601456.SH', '601118.SH')",0.815351819074867,902464755.3650794,227.03584389999995,-2.23339334,-3.0890759904524967
非银金融-建筑材料,"('601456.SH', '000401.SZ')",0.7457659965252736,761682590.3968254,131.18982386,-4.462633348179489,-2.500261937130126
非银金融-建筑材料,"('600906.SH', '601992.SH')",0.5113842096115259,308588653.6111111,131.18982386,-4.462633348179489,-2.500261937130126
非银金融-通信,"('601456.SH', '688387.SH')",0.7675020808574866,822497764.6269841,372.09922214,-1.8868092104940446,-3.178839265549423
非银金融-商贸零售,"('601162.SH', '601933.SH')",0.9081838986347028,3356031229.079365,6324.956755820003,-5.13133395068495,-3.398221699488387
非银金融-商贸零售,"('002670.SZ', '601933.SH')",0.9948906149604686,2133981812.4126983,6324.956755820003,-5.13133395068495,-3.398221699488387
非银金融-轻工制造,"('600109.SH', '002572.SZ')",1.3250754588107054,556361809.5873016,-190673.47486364,-4.616287005678936,1.9033154357603137
非银金融-轻工制造,"('600901.SH', '002831.SZ')",1.3855824118841444,322154219.03968257,-190673.47486364,-4.616287005678936,1.9033154357603137
非银金融-纺织服饰,"('600901.SH', '002563.SZ')",0.5888012263991942,335869014.7777778,0.004733520000000047,-0.026477203048794307,-0.6167025031312248
非银金融-社会服务,"('600155.SH', '300012.SZ')",0.6776137867093108,639736411.4920635,-0.9999985399999999,-1.000134574537313,0.13900800019387974
非银金融-社会服务,"('000958.SZ', '300012.SZ')",1.0802933036730527,637118731.7103174,-0.9999985399999999,-1.000134574537313,0.13900800019387974
基础化工-国防军工,"('600096.SH', '000519.SZ')",1.180342960014933,1173577032.6031747,-121.08354865999996,-2.3958869335304547,0.5242045958407314
基础化工-国防军工,"('600096.SH', '600879.SH')",0.8734504614425452,1110092108.7301588,-121.08354865999996,-2.3958869335304547,0.5242045958407314
基础化工-计算机,"('600143.SH', '002195.SZ')",0.8481566858794046,1582370237.8888888,276.43742240000006,-2.2622054588451954,-3.0628705876893445
基础化工-计算机,"('600143.SH', '002065.SZ')",0.8406326384236773,1237370643.063492,276.43742240000006,-2.2622054588451954,-3.0628705876893445
基础化工-有色金属,"('000830.SZ', '000426.SZ')",0.7822057856082495,713941293.1111112,0.029158120000000176,-0.12808553930416855,0.12091027176675125
基础化工-有色金属,"('000830.SZ', '002532.SZ')",0.5274167691953945,704438726.1269841,0.029158120000000176,-0.12808553930416855,0.12091027176675125
基础化工-机械设备,"('600096.SH', '688425.SH')",1.085676661642108,721724470.4444444,-957.85777204,-5.349105560000001,-2.596649575862955
基础化工-机械设备,"('600096.SH', '601399.SH')",1.1612141741783808,720519561.3253968,-957.85777204,-5.349105560000001,-2.596649575862955
基础化工-公用事业,"('600096.SH', '600578.SH')",1.202058192853884,717569436.5714285,50141.665423579994,-6.479000911448163,-3.8723224117327733
基础化工-公用事业,"('000683.SZ', '601991.SH')",0.5815221142762093,590343358.2857143,50141.665423579994,-6.479000911448163,-3.8723224117327733
基础化工-传媒,"('601216.SH', '300058.SZ')",1.33273863611029,2080149512.5555553,-13.305452340000034,-1.2017250655300709,-0.8635020970459696
基础化工-传媒,"('000893.SZ', '002517.SZ')",1.3164807089467838,894908402.4126984,-13.305452340000034,-1.2017250655300709,-0.8635020970459696
基础化工-汽车,"('600096.SH', '000559.SZ')",0.9526927296484039,791461839.1746032,6.476902869999961,-4.126792547887137,-3.1875689767408044
基础化工-汽车,"('002407.SZ', '601966.SH')",1.155240077649458,592209210.015873,6.476902869999961,-4.126792547887137,-3.1875689767408044
基础化工-交通运输,"('600096.SH', '600704.SH')",1.0760395563922769,856811883.9047619,429.51649163,-4.528030850190438,-2.884022560010463
基础化工-交通运输,"('600096.SH', '603885.SH')",1.1227737917669154,811545370.5555556,429.51649163,-4.528030850190438,-2.884022560010463
基础化工-钢铁,"('002407.SZ', '000629.SZ')",1.1961303783962278,594887129.9206349,71.56386698,-0.661656190551186,2.389651768163644
基础化工-钢铁,"('600873.SH', '001203.SZ')",0.5854146839991513,332291512.9126984,71.56386698,-0.661656190551186,2.389651768163644
基础化工-食品饮料,"('600096.SH', '002507.SZ')",1.0108889502199772,783811132.3333333,-1.0118508700000002,-1.1808456248420298,-1.474627134436974
基础化工-食品饮料,"('601216.SH', '000729.SZ')",0.5349369669916931,756989411.6349206,-1.0118508700000002,-1.1808456248420298,-1.474627134436974
基础化工-煤炭,"('600096.SH', '600157.SH')",1.1942938616273857,1658330437.9047618,262631.11834950995,-18.4073542,-1.4259668288510725
基础化工-煤炭,"('600873.SH', '601666.SH')",1.338213660770161,646658520.8571428,262631.11834950995,-18.4073542,-1.4259668288510725
基础化工-房地产,"('600096.SH', '002244.SZ')",1.1082246435152616,1076148191.015873,0.2983691500000003,-0.07102510031119857,1.7172812001197628
基础化工-房地产,"('600096.SH', '601155.SH')",1.1882982457542306,886992753.7142856,0.2983691500000003,-0.07102510031119857,1.7172812001197628
基础化工-银行,"('600096.SH', '601997.SH')",1.0508503413685832,828978301.1428571,-619.7462338199999,-7.0481134574697695,-2.5501826877992015
基础化工-银行,"('600096.SH', '601577.SH')",0.9914303479766068,785686823.6825397,-619.7462338199999,-7.0481134574697695,-2.5501826877992015
基础化工-石油石化,"('600096.SH', '600339.SH')",1.1700162900373485,753858050.7460318,-3816.450848759999,-79.9058569,-0.7139923165682094
基础化工-石油石化,"('600096.SH', '600871.SH')",1.2411422676571389,742138165.0,-3816.450848759999,-79.9058569,-0.7139923165682094
基础化工-环保,"('600096.SH', '600008.SH')",1.1603220467873556,834845276.6031746,-430.6462490199999,-7.488571119951088,-2.084224918255079
基础化工-环保,"('002407.SZ', '300140.SZ')",0.8238590962491075,371925259.88095236,-430.6462490199999,-7.488571119951088,-2.084224918255079
基础化工-家用电器,"('601216.SH', '002429.SZ')",0.6652085553101379,879558891.3650794,48.69022865000001,-0.6944988435525961,2.1021954708074033
基础化工-家用电器,"('002407.SZ', '002508.SZ')",1.102151867346787,498297681.9841269,48.69022865000001,-0.6944988435525961,2.1021954708074033
基础化工-农林牧渔,"('600096.SH', '600598.SH')",0.7111760738514187,836516200.4761904,520.22862939,-7.903124839253649,1.5769861416925515
基础化工-农林牧渔,"('600096.SH', '601118.SH')",1.0256084927043756,809748345.7460318,520.22862939,-7.903124839253649,1.5769861416925515
基础化工-建筑材料,"('002407.SZ', '002080.SZ')",0.9937200545887145,577323824.031746,546.2286600399999,-1.5502590230889783,-3.3208068558945443
基础化工-建筑材料,"('600873.SH', '601636.SH')",0.5812127308263924,483436741.0952381,546.2286600399999,-1.5502590230889783,-3.3208068558945443
基础化工-通信,"('600096.SH', '600487.SH')",1.154247457905288,1388240401.3333335,3.3048184900000006,-1.0483278550592896,-0.9433932826140105
基础化工-通信,"('000830.SZ', '600487.SH')",1.3291538762974817,1037612377.9365079,3.3048184900000006,-1.0483278550592896,-0.9433932826140105
基础化工-建筑装饰,"('600096.SH', '601611.SH')",0.9337232158539818,813430381.6666666,-8918.6850765,-2.476021999435919,2.1619321497072552
基础化工-建筑装饰,"('000830.SZ', '601611.SH')",0.560811282489717,462802358.2698413,-8918.6850765,-2.476021999435919,2.1619321497072552
基础化工-商贸零售,"('600096.SH', '601933.SH')",1.1764395207279306,1995302370.15873,1882.73766986,-7.261578845316055,-2.344453919384168
基础化工-商贸零售,"('600096.SH', '600859.SH')",1.1944500941099603,1006722258.0634921,1882.73766986,-7.261578845316055,-2.344453919384168
基础化工-轻工制造,"('600141.SH', '002572.SZ')",1.0634860121058145,588187904.984127,4.442797199999999,-0.7777753512578633,1.495656096291882
基础化工-社会服务,"('600096.SH', '002607.SZ')",1.122942683464826,1827962902.1269841,-49.36731511999999,-7.56229008,-1.640541589738206
基础化工-社会服务,"('600096.SH', '300012.SZ')",1.0895428761343233,913861565.3968253,-49.36731511999999,-7.56229008,-1.640541589738206
国防军工-计算机,"('002414.SZ', '002410.SZ')",1.0968954222917096,857881341.031746,-1.0890267,-1.042812891313896,0.06185621685528913
国防军工-计算机,"('002465.SZ', '600131.SH')",1.0891608239889252,802888366.5396826,-1.0890267,-1.042812891313896,0.06185621685528913
国防军工-有色金属,"('002465.SZ', '600497.SH')",0.8970105524087286,1053283341.3015873,-50546.39655548001,-1.942559890930696,-4.418441560617799
国防军工-有色金属,"('000519.SZ', '002532.SZ')",1.0542895091608702,1019359733.4920635,-50546.39655548001,-1.942559890930696,-4.418441560617799
国防军工-机械设备,"('600862.SH', '002008.SZ')",1.1952048705304388,1033924412.1269841,0.7269253200000003,-0.8945116300000001,1.106876550460356
国防军工-机械设备,"('002465.SZ', '600528.SH')",0.7768698320268905,613684633.8730159,0.7269253200000003,-0.8945116300000001,1.106876550460356
国防军工-公用事业,"('600685.SH', '001286.SZ')",1.2011077402308967,536577157.5873016,148.72801748,-5.906272492257597,-2.0471826371334267
国防军工-公用事业,"('600685.SH', '600483.SH')",1.2588463067048272,471315506.85714287,148.72801748,-5.906272492257597,-2.0471826371334267
国防军工-传媒,"('600118.SH', '300058.SZ')",1.465404159774005,2024496771.301587,1255.81933236,-3.636172626566564,-3.096808419946744
国防军工-传媒,"('600862.SH', '300002.SZ')",1.2835260864393405,1282807192.2222223,1255.81933236,-3.636172626566564,-3.096808419946744
国防军工-汽车,"('600435.SH', '000559.SZ')",0.6104334843246055,461905122.4761905,712.8747576400001,-1.66147497,-3.3270209664725323
国防军工-交通运输,"('002465.SZ', '600704.SH')",0.8380916125732195,745846767.5873016,2.1305254800000006,-2.0640811918653448,-1.3765724640787096
国防军工-钢铁,"('002465.SZ', '000709.SZ')",0.9901192624111037,658870198.0,-1660.54054228,-18.42401937038243,-2.3258571127782335
国防军工-钢铁,"('002414.SZ', '000709.SZ')",0.7582043343886691,500533619.8888889,-1660.54054228,-18.42401937038243,-2.3258571127782335
国防军工-煤炭,"('600685.SH', '601001.SH')",1.3465304172618595,562579853.4761906,41299.48988857001,-6.834389000993694,0.8551286947176265
国防军工-煤炭,"('600685.SH', '601918.SH')",1.124767901182737,552985083.6507937,41299.48988857001,-6.834389000993694,0.8551286947176265
国防军工-房地产,"('600879.SH', '600208.SH')",0.5527915394213054,783394599.7142856,2922.67946209,-7.923863066842414,-2.9929748225925588
国防军工-房地产,"('002414.SZ', '600208.SH')",0.5199673137794102,613284845.1904762,2922.67946209,-7.923863066842414,-2.9929748225925588
国防军工-银行,"('000519.SZ', '601665.SH')",1.1638150333807775,727808897.6190476,33417.93785603,-7.506196309849733,-2.9056731840051073
国防军工-银行,"('002414.SZ', '002958.SZ')",0.7306995874194501,508502800.03174603,33417.93785603,-7.506196309849733,-2.9056731840051073
国防军工-石油石化,"('000519.SZ', '600688.SH')",1.376256170645426,654422078.7777778,10671.02019264,-11.581096859999999,-3.029789129580265
国防军工-石油石化,"('002414.SZ', '600688.SH')",0.7246517643662117,420827400.38095236,10671.02019264,-11.581096859999999,-3.029789129580265
国防军工-家用电器,"('600862.SH', '600839.SH')",1.2812717113053582,3264219377.301587,4.703091710000001,-3.35203668,-1.336691731782475
国防军工-通信,"('000738.SZ', '600487.SH')",1.0060155647148268,1005572261.0317461,21.23928578999996,-0.9086244816847138,2.6393765930533406
国防军工-通信,"('002414.SZ', '688387.SH')",0.5366380197649591,460479660.5793651,21.23928578999996,-0.9086244816847138,2.6393765930533406
国防军工-建筑装饰,"('000519.SZ', '601611.SH')",1.088034130069941,777723365.6349206,2336.0384664000007,-1.569996391204131,-3.443769557258673
国防军工-建筑装饰,"('600879.SH', '601611.SH')",0.5312626576214812,714238441.7619047,2336.0384664000007,-1.569996391204131,-3.443769557258673
国防军工-社会服务,"('002414.SZ', '300012.SZ')",0.7190725501098674,644559870.968254,-1.0002582999999998,-1.1927085240242468,0.1193831531548238
计算机-有色金属,"('002152.SZ', '600392.SH')",0.8782564737556995,885983228.2222222,6.145947189999998,-0.6318141559834409,1.5748524418767338
计算机-有色金属,"('002373.SZ', '600497.SH')",0.8090627685150297,884849139.6031747,6.145947189999998,-0.6318141559834409,1.5748524418767338
计算机-机械设备,"('002373.SZ', '601608.SH')",0.7248958867799297,501584480.2380952,1.7643846299999995,-0.7272712300000002,1.20015631965943
计算机-机械设备,"('002373.SZ', '600528.SH')",0.7324009903821161,445250432.17460316,1.7643846299999995,-0.7272712300000002,1.20015631965943
计算机-公用事业,"('002373.SZ', '000155.SZ')",0.7201629309578373,543536647.4920635,274.42113317999997,-1.5877912087650095,-2.9046897298809156
计算机-公用事业,"('600131.SH', '000155.SZ')",1.416613680975934,527505399.73015875,274.42113317999997,-1.5877912087650095,-2.9046897298809156
计算机-传媒,"('600131.SH', '300058.SZ')",1.3853664752199606,1851089825.936508,658.8309038499999,-3.1870873124626953,-3.267162621554703
计算机-传媒,"('300017.SZ', '002517.SZ')",0.9423046587714891,1845051599.2380953,658.8309038499999,-3.1870873124626953,-3.267162621554703
计算机-汽车,"('300017.SZ', '600699.SH')",0.8397198002582038,1619723692.4761906,-1.1281007000000096,-3.10128635978165,-3.262936048452152
计算机-汽车,"('600131.SH', '000559.SZ')",1.2667238082843477,496031273.39682543,-1.1281007000000096,-3.10128635978165,-3.262936048452152
计算机-交通运输,"('002373.SZ', '600153.SH')",0.6661764608285057,624908218.6190476,0.54397238,-0.3334116808630414,0.9067634839676206
计算机-交通运输,"('002373.SZ', '600704.SH')",0.7947494441635633,577412565.8888888,0.54397238,-0.3334116808630414,0.9067634839676206
计算机-钢铁,"('002152.SZ', '000959.SZ')",1.2231420961203103,617336260.8809524,20096.95223559,-4.7149769266245105,-3.5524725601432516
计算机-钢铁,"('002373.SZ', '000629.SZ')",0.7815812072863111,616981283.7301587,20096.95223559,-4.7149769266245105,-3.5524725601432516
计算机-食品饮料,"('600131.SH', '002507.SZ')",1.2527633371636389,488380566.5555556,77.96682722,-0.9785083199999999,2.0504037085912135
计算机-煤炭,"('002373.SZ', '600157.SH')",0.8656943901876851,1378931119.8888888,6.95531325,-7.232236078837345,-1.309392317086736
计算机-煤炭,"('600271.SH', '600157.SH')",0.825842751038446,1222503961.5555556,6.95531325,-7.232236078837345,-1.309392317086736
计算机-房地产,"('600131.SH', '601155.SH')",1.3740864122568228,591562187.9365079,2183452.060115561,-7.67947915126418,-3.695484291548834
计算机-房地产,"('600131.SH', '600208.SH')",1.4537918199623836,587155973.8412699,2183452.060115561,-7.67947915126418,-3.695484291548834
计算机-银行,"('002373.SZ', '601997.SH')",0.8166876127390238,549578983.1269841,0.22495161999999969,-0.12415191694264571,1.1684245394878026
计算机-银行,"('002373.SZ', '601577.SH')",0.8190692206166944,506287505.6666666,0.22495161999999969,-0.12415191694264571,1.1684245394878026
计算机-环保,"('002373.SZ', '300070.SZ')",0.6026049031684935,548563180.9523809,459691.47471548,-4.113342141248988,-4.516068452362629
计算机-环保,"('600131.SH', '300070.SZ')",1.3885211783524203,532531933.1904762,459691.47471548,-4.113342141248988,-4.516068452362629
计算机-农林牧渔,"('600131.SH', '600598.SH')",1.4038607784865258,541085634.6984127,9.420011619999997,-0.9165676723779181,1.758881962952939
计算机-农林牧渔,"('600271.SH', '601118.SH')",0.7033084358660046,373921869.39682543,9.420011619999997,-0.9165676723779181,1.758881962952939
计算机-建筑材料,"('002439.SZ', '002080.SZ')",1.2519629733341293,685211155.1269841,0.008854090000000037,-0.12795851000000003,-0.06791643138231927
计算机-建筑材料,"('002373.SZ', '601992.SH')",0.8437474865345244,418409521.5952381,0.008854090000000037,-0.12795851000000003,-0.06791643138231927
计算机-通信,"('300017.SZ', '600498.SH')",1.3242639250107222,1853395090.2063491,4963.258954610001,-3.2367746800000003,-3.6550279695037484
计算机-通信,"('600131.SH', '688387.SH')",1.4790232931442249,434350789.23015875,4963.258954610001,-3.2367746800000003,-3.6550279695037484
计算机-建筑装饰,"('002373.SZ', '600170.SH')",0.8532057796612451,618485365.1904762,0.12546323999999975,-0.03504607850797403,0.8646670877154905
计算机-商贸零售,"('002373.SZ', '000785.SZ')",0.8435365004236363,666374911.3888888,102.31241871,-4.0294799999999995,-2.519957439539149
计算机-纺织服饰,"('002373.SZ', '002563.SZ')",0.7778955664890019,434560487.17460316,0.1167662100000002,-0.03714350339723871,0.9275184379112678
计算机-社会服务,"('002373.SZ', '002607.SZ')",0.6808012788852675,1548563584.1111112,64385552.10207053,-6.716723114717145,-4.071780350098256
计算机-社会服务,"('600131.SH', '002607.SZ')",1.402533259176926,1532532336.3492064,64385552.10207053,-6.716723114717145,-4.071780350098256
有色金属-机械设备,"('601168.SH', '601717.SH')",0.9761065542495069,1017576636.8571428,0.9134268600000002,-0.7460855894955638,0.8942248204054246
有色金属-机械设备,"('000878.SZ', '601717.SH')",1.1848158278047831,924936012.3492063,0.9134268600000002,-0.7460855894955638,0.8942248204054246
有色金属-公用事业,"('601168.SH', '000591.SZ')",1.2846112138387609,847128486.0952381,7.608948080000001,-3.8313113600000004,0.024536152952966975
有色金属-公用事业,"('000426.SZ', '600021.SH')",0.9152963974030318,826192409.8730159,7.608948080000001,-3.8313113600000004,0.024536152952966975
有色金属-传媒,"('601168.SH', '002739.SZ')",1.1107645424850814,1074393014.7936506,6.1776972400000005,-1.1719655729030443,-1.0348687632616158
有色金属-传媒,"('000960.SZ', '002739.SZ')",1.2304270109312112,920667534.5396825,6.1776972400000005,-1.1719655729030443,-1.0348687632616158
有色金属-汽车,"('601168.SH', '601966.SH')",1.1928573473428603,945779940.2539682,0.1813056799999997,-0.6780397590325514,0.7292430480091561
有色金属-汽车,"('000878.SZ', '601966.SH')",1.467434057878743,853139315.7460318,0.1813056799999997,-0.6780397590325514,0.7292430480091561
有色金属-交通运输,"('000878.SZ', '600153.SH')",0.7220436970758358,863744170.5396825,-0.9932976300000003,-0.9968660345954189,-0.0754964566260501
有色金属-交通运输,"('600497.SH', '600153.SH')",0.8228123666218848,859271945.6190476,-0.9932976300000003,-0.9968660345954189,-0.0754964566260501
有色金属-钢铁,"('601168.SH', '000932.SZ')",1.226131966801555,1112677359.8730159,19.89566491,-8.436264389999998,-1.0746495229509714
有色金属-钢铁,"('000878.SZ', '000932.SZ')",0.8629639125781519,1020036735.3650794,19.89566491,-8.436264389999998,-1.0746495229509714
有色金属-食品饮料,"('601168.SH', '300146.SZ')",1.286146996754938,864721727.7301587,-1.65091736,-1.2475908218335428,0.19632174362236457
有色金属-食品饮料,"('600497.SH', '002507.SZ')",0.7953357466596276,738775541.3174603,-1.65091736,-1.2475908218335428,0.19632174362236457
有色金属-煤炭,"('600549.SH', '600157.SH')",1.4057409449591187,1457031406.8888888,11132.716285449998,-13.248297113097253,-2.4303937797748767
有色金属-煤炭,"('600392.SH', '600157.SH')",1.2288731067580938,1424306806.3809524,11132.716285449998,-13.248297113097253,-2.4303937797748767
有色金属-房地产,"('002532.SZ', '600208.SH')",0.7116827757952893,728369240.5079365,-0.9700915999999999,-0.987377348240287,0.04143546117429759
有色金属-房地产,"('600497.SH', '600848.SH')",0.5434555403184226,639528552.5396826,-0.9700915999999999,-0.987377348240287,0.04143546117429759
有色金属-银行,"('000960.SZ', '601128.SH')",0.8844661965230818,752325103.015873,21.45176371,-5.87697177,-1.880126029176058
有色金属-银行,"('000878.SZ', '001227.SZ')",0.9630854741699393,712221604.3571428,21.45176371,-5.87697177,-1.880126029176058
有色金属-石油石化,"('601168.SH', '000703.SZ')",1.205667267289422,771227312.4444444,11.940791529999998,-2.4806284800000005,-2.0279113053683417
有色金属-石油石化,"('000960.SZ', '000703.SZ')",0.8442101504703748,617501832.1904762,11.940791529999998,-2.4806284800000005,-2.0279113053683417
有色金属-环保,"('600497.SH', '603568.SH')",1.116106655562441,661387002.6666667,9.854865250000001,-1.9936310075268078,-1.8503495083878279
有色金属-环保,"('000878.SZ', '300140.SZ')",0.6307409060950788,632855365.6111112,9.854865250000001,-1.9936310075268078,-1.8503495083878279
有色金属-家用电器,"('601168.SH', '002508.SZ')",1.2968835011652984,851868412.2222222,103.22300896,-2.199159093489083,-3.096354452943157
有色金属-家用电器,"('600392.SH', '002429.SZ')",1.2027950825310727,711906139.0,103.22300896,-2.199159093489083,-3.096354452943157
有色金属-农林牧渔,"('601168.SH', '000998.SZ')",1.25261835930307,897559426.8253968,28.57430617,-1.4617630753461093,-0.2880910038536498
有色金属-农林牧渔,"('000878.SZ', '600737.SH')",0.6033294538112746,887627682.920635,28.57430617,-1.4617630753461093,-0.2880910038536498
有色金属-建筑材料,"('601168.SH', '002080.SZ')",1.3620285804102736,930894554.2698412,8.340242850000001,-1.1627858299999998,-1.6738217561261934
有色金属-建筑材料,"('601168.SH', '601636.SH')",0.9398944814775196,889476314.2380952,8.340242850000001,-1.1627858299999998,-1.6738217561261934
有色金属-通信,"('600549.SH', '688387.SH')",1.2376050125454892,528482323.99206346,0.4929466200000001,-1.550483447411549,-1.5519386248302185
有色金属-通信,"('600361.SH', '688387.SH')",0.506475090842295,325748025.43650794,0.4929466200000001,-1.550483447411549,-1.5519386248302185
有色金属-建筑装饰,"('601168.SH', '600970.SH')",0.979167196058581,850525323.9841269,5.54634182,-1.46744416,-1.6521031815941907
有色金属-建筑装饰,"('601168.SH', '600720.SH')",1.0489991880191967,776159992.4285713,5.54634182,-1.46744416,-1.6521031815941907
有色金属-商贸零售,"('600549.SH', '600655.SH')",1.3507586133937841,496325075.67460316,17.137495859999998,-3.4227993999999997,-2.0781472097528266
有色金属-轻工制造,"('601168.SH', '002078.SZ')",0.9924221385740948,922969203.2698412,1.6422974899999998,-0.7061304997762664,1.2176902967388772
有色金属-轻工制造,"('000878.SZ', '002078.SZ')",0.6134709093597024,830328578.7619047,1.6422974899999998,-0.7061304997762664,1.2176902967388772
有色金属-纺织服饰,"('000960.SZ', '600398.SH')",1.1517013465257386,873335993.2380953,138.04347201,-2.4673556800000003,-2.8809979827045717
有色金属-纺织服饰,"('600497.SH', '002563.SZ')",0.5303733610447098,668924214.1746032,138.04347201,-2.4673556800000003,-2.8809979827045717
有色金属-社会服务,"('600549.SH', '002607.SZ')",1.1534209728261575,1626663871.1111112,2977.2773159099997,-16.812188513292206,-2.531790799583712
有色金属-社会服务,"('600392.SH', '002607.SZ')",0.9020435563907124,1593939270.6031747,2977.2773159099997,-16.812188513292206,-2.531790799583712
机械设备-公用事业,"('000039.SZ', '601991.SH')",0.7114520971302979,552334066.2539682,63.668139130000014,-3.10658944847632,-2.5567624033879577
机械设备-公用事业,"('600499.SH', '601991.SH')",1.2456065705167554,437884957.01587296,63.668139130000014,-3.10658944847632,-2.5567624033879577
机械设备-传媒,"('600499.SH', '002739.SZ')",0.8873248440127506,557193633.6190476,9.523118670000002,-0.8858533698487322,2.2789462618245184
机械设备-传媒,"('002690.SZ', '002739.SZ')",0.9226327023915959,507571557.17460316,9.523118670000002,-0.8858533698487322,2.2789462618245184
机械设备-汽车,"('600499.SH', '601966.SH')",1.0567860972947178,428580559.07936513,-0.9999983199999998,-1.4545902799304116,0.3480441651140807
机械设备-交通运输,"('601608.SH', '600153.SH')",0.7306820616496575,476007286.25396824,-0.9057551499999996,-1.5796253966600795,0.881122209575524
机械设备-交通运输,"('601608.SH', '601000.SH')",0.6396858913464332,396591759.4603175,-0.9057551499999996,-1.5796253966600795,0.881122209575524
机械设备-钢铁,"('002690.SZ', '000932.SZ')",1.3976743580924733,545855902.2539682,64.39284254,-3.0910613899839747,-2.5240675063854647
机械设备-钢铁,"('601717.SH', '600282.SH')",1.4530252210646661,531659683.3015873,64.39284254,-3.0910613899839747,-2.5240675063854647
机械设备-食品饮料,"('600528.SH', '002507.SZ')",0.6421155606929386,299176833.8888889,4611.839358399994,-0.9253821771090204,3.27944196980663
机械设备-食品饮料,"('002690.SZ', '300146.SZ')",0.6469499190910584,297900270.1111111,4611.839358399994,-0.9253821771090204,3.27944196980663
机械设备-煤炭,"('002690.SZ', '000723.SZ')",1.1178554001435859,374543822.60317457,3.5868014299999995,-3.555644422793314,-1.4514731374422765
机械设备-煤炭,"('600499.SH', '000937.SZ')",0.5700028831967342,358845335.9206349,3.5868014299999995,-3.555644422793314,-1.4514731374422765
机械设备-石油石化,"('600499.SH', '600583.SH')",0.9015179130356696,341271067.3015873,0.28557123999999967,-0.05474529709746734,1.9640263191656442
机械设备-石油石化,"('002690.SZ', '600583.SH')",1.461124090158831,291648990.8571428,0.28557123999999967,-0.05474529709746734,1.9640263191656442
机械设备-建筑材料,"('600499.SH', '601636.SH')",0.7485028122023236,372276933.06349206,-2.6162627499999997,-2.7553254799999998,-1.0490917967257822
机械设备-建筑材料,"('002690.SZ', '601636.SH')",1.1811546762074252,322654856.61904764,-2.6162627499999997,-2.7553254799999998,-1.0490917967257822
机械设备-建筑装饰,"('000039.SZ', '600970.SH')",0.6094674588366163,447775052.0476191,-0.42674513999999963,-0.7867816556970102,0.005251283109157116
机械设备-建筑装饰,"('600499.SH', '600720.SH')",0.9410819433942164,258960611.25396824,-0.42674513999999963,-0.7867816556970102,0.005251283109157116
机械设备-商贸零售,"('600499.SH', '601061.SH')",0.8944762605142402,286636967.88095236,0.0,0.0,-inf
机械设备-轻工制造,"('600499.SH', '002078.SZ')",1.0429688055555246,405769822.0952381,0.33357484999999976,-0.05756106922858406,1.9839158888406074
机械设备-轻工制造,"('600528.SH', '002572.SZ')",1.4280120384742716,349784328.2222222,0.33357484999999976,-0.05756106922858406,1.9839158888406074
机械设备-纺织服饰,"('002690.SZ', '002867.SZ')",1.3065302197574467,237711745.30158728,0.7116825099999999,-0.7237411499999999,0.865578341191788
机械设备-社会服务,"('601106.SH', '300012.SZ')",0.9933205711008465,406287527.3888889,8.36989019,-4.46510300021839,0.8383613112461151
公用事业-传媒,"('000155.SZ', '002624.SZ')",1.3409128594089075,694324626.7460318,6.77154142,-2.1667940104880103,1.035696722152262
公用事业-传媒,"('600863.SH', '600373.SH')",1.32187144377851,572282060.8253968,6.77154142,-2.1667940104880103,1.035696722152262
公用事业-汽车,"('600483.SH', '000559.SZ')",1.4941944216140888,378520155.04761904,9.187114370000005,-2.4318115297073026,-2.0368642608133527
公用事业-汽车,"('600578.SH', '000559.SZ')",0.7651646714162869,299747227.1111111,9.187114370000005,-2.4318115297073026,-2.0368642608133527
公用事业-交通运输,"('000155.SZ', '600153.SH')",0.6285031878944197,517959453.5079365,0.7131098399999996,-0.5223076200000001,0.7953138295751693
公用事业-交通运输,"('600863.SH', '600350.SH')",0.7147678586903382,464209278.5555556,0.7131098399999996,-0.5223076200000001,0.7953138295751693
公用事业-钢铁,"('600098.SH', '000932.SZ')",0.5096126621783211,587088675.2222222,4.304588790000001,-4.29082531,-1.4077332574821881
公用事业-钢铁,"('600642.SH', '600808.SH')",0.5294083946035748,434056277.30158734,4.304588790000001,-4.29082531,-1.4077332574821881
公用事业-食品饮料,"('601016.SH', '002507.SZ')",0.8815240174677835,358814426.3650794,-1.2210638,-1.1027082708756504,0.08046940613863081
公用事业-食品饮料,"('600098.SH', '002507.SZ')",0.9165386839133376,310299706.0952381,-1.2210638,-1.1027082708756504,0.08046940613863081
公用事业-煤炭,"('000155.SZ', '600157.SH')",0.7423629262305768,1271982354.7777777,96.9758405,-8.50369106540893,-1.7831137060062878
公用事业-煤炭,"('600021.SH', '002128.SZ')",1.4297508250536548,658378962.3809524,96.9758405,-8.50369106540893,-1.7831137060062878
公用事业-房地产,"('600863.SH', '600325.SH')",0.521591048509183,646369303.8412699,-1.00019494,-1.1034589398570813,0.07219445634001861
公用事业-房地产,"('601991.SH', '600325.SH')",0.5767606609232436,602675172.6031746,-1.00019494,-1.1034589398570813,0.07219445634001861
公用事业-银行,"('000155.SZ', '002966.SZ')",0.7226852195224126,565785908.5238094,35.98370275999999,-1.3570325251169937,1.6931335659490547
公用事业-银行,"('000155.SZ', '601128.SH')",0.7128423938303533,467625241.7301587,35.98370275999999,-1.3570325251169937,1.6931335659490547
公用事业-石油石化,"('601991.SH', '601233.SH')",1.2730246396153253,665433961.8095238,-26.63174594,-2.4635936086321193,0.021877804892211458
公用事业-石油石化,"('000883.SZ', '601233.SH')",1.020336615202192,521418716.7301587,-26.63174594,-2.4635936086321193,0.021877804892211458
公用事业-环保,"('000155.SZ', '300070.SZ')",0.5444325106747093,441614415.84126985,16.259093879999998,-2.263754183345806,-1.8956256581763717
公用事业-环保,"('600642.SH', '603568.SH')",1.1041778568892766,340008816.4126984,16.259093879999998,-2.263754183345806,-1.8956256581763717
公用事业-家用电器,"('600642.SH', '002429.SZ')",0.5072080749587473,579515993.2539682,-31394.730999009997,-5.771413325152828,-4.382907028485732
公用事业-家用电器,"('000155.SZ', '002508.SZ')",1.4560057795043404,413443070.6825397,-31394.730999009997,-5.771413325152828,-4.382907028485732
公用事业-农林牧渔,"('000155.SZ', '600737.SH')",0.562913907526195,541842965.8888888,14.101114859999997,-2.6654921403843126,1.1698273761725295
公用事业-农林牧渔,"('601016.SH', '600737.SH')",0.5612257512750679,503194343.0476191,14.101114859999997,-2.6654921403843126,1.1698273761725295
公用事业-建筑材料,"('601991.SH', '601636.SH')",0.7641973908933153,531122086.96825397,-1619.0679208000004,-3.9013127930485734,1.470051969628142
公用事业-建筑材料,"('601991.SH', '600801.SH')",1.147968377890123,428239394.17460316,-1619.0679208000004,-3.9013127930485734,1.470051969628142
公用事业-通信,"('600578.SH', '688387.SH')",0.550714040672944,238066742.94444445,-0.22121619999999997,-0.645779781126754,0.31592420765670937
公用事业-建筑装饰,"('601991.SH', '600970.SH')",1.1034911936469902,492171096.71428573,-3.158166669999999,-2.256830058290245,0.6372954267063452
公用事业-建筑装饰,"('601991.SH', '600720.SH')",0.716150210111494,417805765.15873015,-3.158166669999999,-2.256830058290245,0.6372954267063452
公用事业-商贸零售,"('600578.SH', '601933.SH')",1.450275362719568,1503587758.095238,5.749073909999997,-3.7082173,-1.3410511740671562
公用事业-商贸零售,"('600642.SH', '000785.SZ')",0.6557228320656927,579360452.1349206,5.749073909999997,-3.7082173,-1.3410511740671562
公用事业-轻工制造,"('601991.SH', '002078.SZ')",0.87089261638978,564614976.0,1097.9851324400006,-4.6601920139245765,1.4631446994641368
公用事业-轻工制造,"('000155.SZ', '002078.SZ')",0.7808932628263958,484543861.7301587,1097.9851324400006,-4.6601920139245765,1.4631446994641368
公用事业-纺织服饰,"('600642.SH', '002563.SZ')",0.5601807259915904,347546027.9206349,68.79788933000002,-1.2312546675733753,-2.3482369252994255
公用事业-纺织服饰,"('000155.SZ', '002563.SZ')",0.5176151965350877,327611722.06349206,68.79788933000002,-1.2312546675733753,-2.3482369252994255
公用事业-社会服务,"('600578.SH', '002607.SZ')",0.6828768875937217,1336248290.063492,1.1412276799999996,-2.015359943810548,-1.4531152692832812
公用事业-社会服务,"('002608.SZ', '300144.SZ')",0.8053624218680284,458467453.7222222,1.1412276799999996,-2.015359943810548,-1.4531152692832812
传媒-汽车,"('300002.SZ', '000559.SZ')",1.4830315642707799,1123728065.4603174,-0.9967218199999966,-2.214523674565033,-1.985659029014844
传媒-汽车,"('002739.SZ', '601966.SH')",1.1007826045030529,706734389.5873016,-0.9967218199999966,-2.214523674565033,-1.985659029014844
传媒-交通运输,"('002739.SZ', '601598.SH')",1.2049430454092311,594841550.3650794,100.23978154,-0.9084634491052597,2.5172516218322993
传媒-交通运输,"('601928.SH', '600153.SH')",1.0532570083704174,516516980.9841269,100.23978154,-0.9084634491052597,2.5172516218322993
传媒-钢铁,"('601928.SH', '000932.SZ')",0.7230471434359841,672809545.8095238,-891857.7683073301,-5.246230559231311,-4.222005332102926
传媒-钢铁,"('002624.SZ', '600808.SH')",1.458869483794074,671858715.8095238,-891857.7683073301,-5.246230559231311,-4.222005332102926
传媒-食品饮料,"('300002.SZ', '600298.SH')",1.467294862966025,1227474800.2539682,-0.9138735800000001,-0.9660461071006514,0.13025170530593644
传媒-食品饮料,"('002739.SZ', '603156.SH')",1.1344531411045229,497710433.0079365,-0.9138735800000001,-0.9660461071006514,0.13025170530593644
传媒-煤炭,"('600637.SH', '600157.SH')",0.6317416145133808,1282763938.2857144,20.931376320000002,-5.06849962,-2.022375532760617
传媒-煤炭,"('002739.SZ', '000723.SZ')",0.9837560355696741,702319729.5555556,20.931376320000002,-5.06849962,-2.022375532760617
传媒-房地产,"('601928.SH', '002244.SZ')",1.374671705000206,688357635.3650794,71.18465131999999,-1.7569365171618783,-2.6004587261203356
传媒-房地产,"('601928.SH', '600325.SH')",0.747701123799193,521161585.8095238,71.18465131999999,-1.7569365171618783,-2.6004587261203356
传媒-银行,"('601928.SH', '002966.SZ')",0.5563607841500077,564343436.0,1011.1034736299999,-1.7086117445001028,-1.2471745279958335
传媒-银行,"('601928.SH', '601128.SH')",0.6660283749537979,466182769.2063492,1011.1034736299999,-1.7086117445001028,-1.2471745279958335
传媒-石油石化,"('601928.SH', '601233.SH')",1.4194829857437214,583920375.015873,9125.320531260002,-2.167523482485524,-3.739918671497356
传媒-石油石化,"('601928.SH', '600583.SH')",0.620103952042536,418602634.4126984,9125.320531260002,-2.167523482485524,-3.739918671497356
传媒-环保,"('601928.SH', '600008.SH')",0.5114977563822135,447054720.95238096,37543.14720951999,-4.014697380000001,-3.8900625912730185
传媒-环保,"('601928.SH', '300070.SZ')",0.8143750190948857,440171943.3174603,37543.14720951999,-4.014697380000001,-3.8900625912730185
传媒-家用电器,"('601928.SH', '002429.SZ')",0.5695236978903835,558139214.8730159,1469.78584287,-2.451172004684779,-3.5042724491611525
传媒-家用电器,"('601019.SH', '002429.SZ')",1.0638609905002046,471583329.8888889,1469.78584287,-2.451172004684779,-3.5042724491611525
传媒-农林牧渔,"('002739.SZ', '000998.SZ')",0.9035607764684537,658513876.1587301,0.29220643999999973,-0.6908373887966267,0.7010483665471251
传媒-农林牧渔,"('002739.SZ', '002299.SZ')",0.8018231484632365,570792308.6031746,0.29220643999999973,-0.6908373887966267,0.7010483665471251
传媒-建筑材料,"('002739.SZ', '002080.SZ')",1.0183634004455888,691849003.6031747,1196.2183703500002,-2.0232031788771834,-3.6356343527977475
传媒-建筑材料,"('601928.SH', '601636.SH')",0.960633139930464,449608500.17460316,1196.2183703500002,-2.0232031788771834,-3.6356343527977475
传媒-通信,"('601928.SH', '688387.SH')",0.7319345112472984,341990799.35714287,-379.69918307000006,-1.93646064,-3.464533041000795
传媒-建筑装饰,"('601928.SH', '600170.SH')",0.5005834135020809,510094127.5555556,9263309.197250761,-5.931175583278828,-4.423022332563877
传媒-建筑装饰,"('601928.SH', '600820.SH')",0.6825942657990649,427597686.0,9263309.197250761,-5.931175583278828,-4.423022332563877
传媒-商贸零售,"('002624.SZ', '601933.SH')",1.424838421577643,1866691031.3968253,-0.3594857300000004,-0.6492195461432674,-0.22469441330291748
传媒-商贸零售,"('601928.SH', '600859.SH')",1.2591972374966194,618931702.4126984,-0.3594857300000004,-0.6492195461432674,-0.22469441330291748
传媒-轻工制造,"('601928.SH', '002078.SZ')",1.0521828409507163,483101389.2063492,-0.58224107,-0.6298921257168666,-0.821921941381325
传媒-轻工制造,"('600977.SH', '002078.SZ')",0.7477635493131511,433178505.984127,-0.58224107,-0.6298921257168666,-0.821921941381325
传媒-纺织服饰,"('601928.SH', '600398.SH')",1.340251344209303,587193659.4285715,-128.67551838,-2.004610063885318,-2.970499258907849
传媒-纺织服饰,"('002624.SZ', '002563.SZ')",1.399066480554558,585348466.4285715,-128.67551838,-2.004610063885318,-2.970499258907849
传媒-社会服务,"('601928.SH', '002607.SZ')",0.8546871745374747,1440172346.4761906,1004.2240299000001,-7.540781796518882,-0.9875026623674071
传媒-社会服务,"('601928.SH', '300144.SZ')",1.1206683734440992,558943235.8095238,1004.2240299000001,-7.540781796518882,-0.9875026623674071
汽车-交通运输,"('601965.SH', '600153.SH')",0.7384710454157787,418576197.74603176,31.205715740000016,-1.5919311322438068,-1.2870555757574331
汽车-交通运输,"('601966.SH', '603056.SH')",1.2121983782794363,381912323.56349206,31.205715740000016,-1.5919311322438068,-1.2870555757574331
汽车-钢铁,"('601965.SH', '000932.SZ')",0.8972675659635323,574868762.5714285,214.35733628000003,-25.849730119999997,-0.4136719204452941
汽车-钢铁,"('601965.SH', '000629.SZ')",0.950486403053951,410649262.8571428,214.35733628000003,-25.849730119999997,-0.4136719204452941
汽车-煤炭,"('601966.SH', '000723.SZ')",1.307861109973974,573706655.015873,120793.17099690999,-4.531691624645234,-3.784075770356646
汽车-煤炭,"('601965.SH', '000723.SZ')",0.8338692291312679,403556682.92063487,120793.17099690999,-4.531691624645234,-3.784075770356646
汽车-环保,"('600699.SH', '000967.SZ')",1.1439492536922613,530549482.3650794,676452551.5412605,-3.745600006420828,-5.676461940955462
汽车-环保,"('601965.SH', '300140.SZ')",0.6716833067409677,187687392.81746033,676452551.5412605,-3.745600006420828,-5.676461940955462
汽车-家用电器,"('601965.SH', '002508.SZ')",1.2633760365289437,314059814.9206349,-0.6694876399999997,-0.7139433196552865,-0.891741087258422
汽车-农林牧渔,"('601965.SH', '600737.SH')",0.8916931513432927,442459710.1269841,-4.352635159999997,-1.6038857321504871,-1.8890218014043092
汽车-建筑材料,"('601965.SH', '002080.SZ')",1.2244544676871174,393085956.96825397,3.04877689,-1.249775813085295,-1.5234685984876493
汽车-建筑装饰,"('601966.SH', '600720.SH')",1.3620599342879247,408501367.22222227,1.922963399999999,-1.73735006,-1.2956827012668686
汽车-商贸零售,"('600699.SH', '000785.SZ')",1.2209755008671659,750989836.7380953,5735.291987529999,-5.034379968763341,-3.115848703567235
汽车-商贸零售,"('601966.SH', '601061.SH')",1.489037393570451,436177723.8492064,5735.291987529999,-5.034379968763341,-3.115848703567235
汽车-轻工制造,"('601965.SH', '002078.SZ')",0.7987839946882468,385160605.96825397,0.11223011000000116,-0.6944234038831056,1.0728583488726973
汽车-轻工制造,"('601965.SH', '002572.SZ')",1.2601676095006786,348687287.7777778,0.11223011000000116,-0.6944234038831056,1.0728583488726973
汽车-社会服务,"('600166.SH', '600258.SH')",1.088312820136243,485867364.96825397,636.1193901900001,-4.72685136455874,-1.7385900093367317
汽车-社会服务,"('601965.SH', '300144.SZ')",0.6465479785445515,461002452.57142854,636.1193901900001,-4.72685136455874,-1.7385900093367317
交通运输-钢铁,"('600153.SH', '000629.SZ')",0.7501218645064949,591404089.7460318,16.253513749999996,-3.4356328179050832,-2.1002701453558963
交通运输-钢铁,"('603056.SH', '000932.SZ')",0.8275109671837954,548809743.1825397,16.253513749999996,-3.4356328179050832,-2.1002701453558963
交通运输-食品饮料,"('600004.SH', '300146.SZ')",1.4578228908561408,368315941.8888889,0.0004291999999996854,-0.24692081163096713,0.19967098586356988
交通运输-食品饮料,"('600350.SH', '000729.SZ')",0.6412050625249905,340868358.3333333,0.0004291999999996854,-0.24692081163096713,0.19967098586356988
交通运输-煤炭,"('603885.SH', '600157.SH')",0.9640007922816415,1260591759.8253968,2152.8550360300005,-9.037014160395978,-2.4936335967916614
交通运输-煤炭,"('601156.SH', '600348.SH')",1.1832796073748235,564737311.8412699,2152.8550360300005,-9.037014160395978,-2.4936335967916614
交通运输-房地产,"('603885.SH', '600606.SH')",0.8742805472892369,435371404.57142854,-336957.89482028,-5.912365646601048,-4.371853401752707
交通运输-房地产,"('600350.SH', '600325.SH')",1.0985032697692787,426460209.0,-336957.89482028,-5.912365646601048,-4.371853401752707
交通运输-银行,"('603885.SH', '002966.SZ')",0.9536947385153184,554395313.5714285,182.80010890000003,-3.565098063920423,-0.5879407492468572
交通运输-银行,"('603885.SH', '601997.SH')",0.8724945755082983,431239623.06349206,182.80010890000003,-3.565098063920423,-0.5879407492468572
交通运输-石油石化,"('603885.SH', '600339.SH')",0.9863848032485503,356119372.6666666,1590.06425202,-28.993562547814097,0.4152922230950534
交通运输-石油石化,"('603885.SH', '600871.SH')",1.062561129440329,344399486.92063487,1590.06425202,-28.993562547814097,0.4152922230950534
交通运输-环保,"('603885.SH', '300070.SZ')",0.6762851759115048,430223820.88888884,0.41496458999999986,-0.10261369054682612,2.1405562788401173
交通运输-环保,"('601228.SH', '300070.SZ')",0.5474242865084685,312852256.3333333,0.41496458999999986,-0.10261369054682612,2.1405562788401173
交通运输-农林牧渔,"('603056.SH', '000998.SZ')",0.7509792622547471,333691810.1349206,4.091249349999999,-0.8162973955497175,1.431837607996173
交通运输-农林牧渔,"('603056.SH', '002299.SZ')",0.8831528221254971,245970242.57936507,4.091249349999999,-0.8162973955497175,1.431837607996173
交通运输-建筑材料,"('603056.SH', '002080.SZ')",1.1426086240891562,367026937.57936513,1.6548700899999997,-0.6640873800000001,1.1368930830912873
交通运输-通信,"('601228.SH', '688387.SH')",0.5200866106015751,214671112.37301588,0.0,0.0,-inf
交通运输-建筑装饰,"('603885.SH', '600170.SH')",0.9676519880353559,500146005.1269841,1503.45504786,-5.218508612153451,-2.7774279460673927
交通运输-建筑装饰,"('600004.SH', '600970.SH')",0.8718237351925281,354119538.1428572,1503.45504786,-5.218508612153451,-2.7774279460673927
交通运输-商贸零售,"('600350.SH', '601933.SH')",1.2177254913001303,1512810437.6984127,-29858.728413920002,-4.079152334381113,-3.6838776964227717
交通运输-商贸零售,"('600350.SH', '000785.SZ')",0.5548272990330915,463282296.9444445,-29858.728413920002,-4.079152334381113,-3.6838776964227717
交通运输-社会服务,"('603056.SH', '300144.SZ')",0.603338981589848,434943433.1825397,-1.3623093199999998,-1.1763406533430307,-1.0213748267982368
交通运输-社会服务,"('603056.SH', '600754.SH')",1.4274899989659882,429964730.3253968,-1.3623093199999998,-1.1763406533430307,-1.0213748267982368
钢铁-食品饮料,"('600295.SH', '603156.SH')",1.319720762620629,193500058.97619048,-0.8549092999999998,-1.5685856561527405,0.4161445216896812
钢铁-房地产,"('000825.SZ', '600848.SH')",0.6076204660368623,200759480.3333333,0.40686263999999994,-2.2696333448659143,0.45785375920887006
钢铁-银行,"('002318.SZ', '601128.SH')",1.3094918983366304,391402440.93650794,-42.11955547,-3.487145825124402,-2.2979089349296036
钢铁-环保,"('000898.SZ', '300070.SZ')",0.5047628148672904,316478525.26984125,-0.99999875,-1.0381303436891003,0.030627879532591537
钢铁-农林牧渔,"('002318.SZ', '600737.SH')",1.2040749146601428,465620165.0952381,31.25404310999999,-3.446904636389238,-2.136146623150091
钢铁-农林牧渔,"('000825.SZ', '600737.SH')",0.5610958482076495,444386385.7936508,31.25404310999999,-3.446904636389238,-2.136146623150091
钢铁-建筑材料,"('600295.SH', '601636.SH')",0.5650913745200385,346220389.5396825,0.9655884900000007,-1.11280537,1.1135147647311887
钢铁-建筑装饰,"('000825.SZ', '600720.SH')",0.6522859741186158,240278070.7936508,-3.1427911099999997,-1.7596595959311019,0.8146653698731116
钢铁-轻工制造,"('002318.SZ', '002078.SZ')",1.03214540869544,408321060.93650794,-3.0564698099999874,-1.2475425079987694,-2.1821639482033177
钢铁-轻工制造,"('002318.SZ', '002831.SZ')",0.9571606164306944,237674125.53174603,-3.0564698099999874,-1.2475425079987694,-2.1821639482033177
钢铁-纺织服饰,"('600282.SH', '600398.SH')",1.1132756668624926,541144519.9365079,-2.2081056,-1.3977938490299098,0.35386222544921403
钢铁-纺织服饰,"('000709.SZ', '002563.SZ')",0.6072597060026049,274511070.8730159,-2.2081056,-1.3977938490299098,0.35386222544921403
钢铁-社会服务,"('000629.SZ', '300144.SZ')",0.7984506197290491,633830344.5714285,-27.424142259999996,-4.764355954865832,0.9873260783551677
钢铁-社会服务,"('000629.SZ', '600258.SH')",0.9236697600260296,499234985.92063487,-27.424142259999996,-4.764355954865832,0.9873260783551677
食品饮料-煤炭,"('002507.SZ', '600157.SH')",0.8714634586258758,1232857521.6031747,235.87854285000003,-11.585955873178738,-1.3930723688521054
食品饮料-煤炭,"('300146.SZ', '601666.SH')",0.7455935808688239,603981256.2698412,235.87854285000003,-11.585955873178738,-1.3930723688521054
食品饮料-房地产,"('002507.SZ', '600606.SH')",0.7310738148243382,407637166.3492063,450.89076802999995,-7.38623612,-2.2567435201042705
食品饮料-银行,"('002507.SZ', '601997.SH')",0.7381811401594414,403505384.84126985,748.0053060800001,-10.32271562093973,-0.2185071664022221
食品饮料-银行,"('002507.SZ', '600928.SH')",0.8521790416803492,259719022.1031746,748.0053060800001,-10.32271562093973,-0.2185071664022221
食品饮料-石油石化,"('300146.SZ', '600583.SH')",1.4260443617431378,409753610.74603176,0.0,0.0,-inf
食品饮料-建筑材料,"('300146.SZ', '601636.SH')",1.1469483147317636,440759476.5079365,0.0,0.0,-inf
食品饮料-商贸零售,"('000729.SZ', '000785.SZ')",0.5943657058026123,559850471.5634921,-308288052.21841425,-3.798706026753251,-5.55958277075397
食品饮料-轻工制造,"('002507.SZ', '002572.SZ')",1.05227327671277,408945710.3650794,0.24946000999999995,-0.05107868197334209,1.4083076203375071
煤炭-银行,"('000723.SZ', '601128.SH')",0.8521658175856863,533977298.03174603,0.0,0.0,-inf
煤炭-石油石化,"('601666.SH', '000703.SZ')",1.3770878849270578,510486840.984127,2.79436464,-0.5961323814726265,1.3384386146203626
煤炭-石油石化,"('000937.SZ', '600583.SH')",0.5247131503532868,421076600.1111111,2.79436464,-0.5961323814726265,1.3384386146203626
煤炭-环保,"('000723.SZ', '603568.SH')",1.497500535658368,386426566.8571428,0.0,0.0,-inf
煤炭-环保,"('000723.SZ', '601158.SH')",0.6361378956228894,349596958.1111111,0.0,0.0,-inf
煤炭-家用电器,"('000723.SZ', '002508.SZ')",1.3377853314550678,479795126.9841269,-56479.76182319998,-4.431923313927337,1.820710310395516
煤炭-农林牧渔,"('000723.SZ', '600737.SH')",0.8470978528713284,608195022.1904762,-4.7919916,-2.4178655801128146,0.7884686545109207
煤炭-农林牧渔,"('000723.SZ', '002299.SZ')",0.9896883154830006,437764574.03174603,-4.7919916,-2.4178655801128146,0.7884686545109207
煤炭-建筑材料,"('601666.SH', '601636.SH')",1.0054158943427227,628735842.7777778,0.007339439999999975,-4.5799999999207586e-06,-2.934844598447802
煤炭-建筑材料,"('600546.SH', '601636.SH')",1.4892839140173837,571509689.031746,0.007339439999999975,-4.5799999999207586e-06,-2.934844598447802
煤炭-建筑装饰,"('601666.SH', '600970.SH')",0.8143390375299956,589784852.5238096,0.05937734000000017,-0.06499263721154047,0.34363063708259156
煤炭-建筑装饰,"('600546.SH', '600970.SH')",1.3716463888932575,532558698.7777778,0.05937734000000017,-0.06499263721154047,0.34363063708259156
煤炭-商贸零售,"('000723.SZ', '601061.SH')",0.5053196179364327,431763063.8174603,0.011161350000000292,-0.005031611281141046,-1.0309778159010896
煤炭-社会服务,"('600157.SH', '002607.SZ')",0.5582716009979186,2277009291.3968253,-1.12704717,-1.0892826585780968,-0.10195383664505457
煤炭-社会服务,"('000723.SZ', '300144.SZ')",0.5735548020761684,626737764.6349206,-1.12704717,-1.0892826585780968,-0.10195383664505457
房地产-银行,"('600007.SH', '002966.SZ')",1.3386171934651865,421189718.8730159,2187.8240599500004,-17.9163482,-0.567651284822711
房地产-银行,"('600007.SH', '601997.SH')",1.4097309339741952,298034028.3650794,2187.8240599500004,-17.9163482,-0.567651284822711
房地产-石油石化,"('600325.SH', '002408.SZ')",0.5190967981049588,402412518.3015873,0.6829274300000001,-0.6872903700000002,0.855434166249299
房地产-环保,"('600007.SH', '603568.SH')",1.3641436348531872,175478320.9047619,11.050224570000001,-0.7052515111335959,1.7722508167177518
房地产-农林牧渔,"('601155.SH', '600598.SH')",1.198086500585399,514224905.5555555,33.53909264,-4.681293850000001,-1.9504959860969149
房地产-农林牧渔,"('600007.SH', '601118.SH')",1.368608521716231,278804072.96825397,33.53909264,-4.681293850000001,-1.9504959860969149
房地产-轻工制造,"('600848.SH', '002572.SZ')",1.1988576873975767,309698721.5873016,-0.8998039799999996,-0.9543191098408582,-0.018306360319519873
房地产-纺织服饰,"('600007.SH', '600177.SH')",1.3312969336866425,255853341.82539684,339.9183236,-3.4894491000000003,-2.916467472249319
银行-环保,"('002966.SZ', '603568.SH')",1.1024228411081551,449272536.69841266,0.20203519000000014,-0.14168131196929612,0.9539970161766711
银行-环保,"('601577.SH', '000967.SZ')",0.518364330752704,301736650.0793651,0.20203519000000014,-0.14168131196929612,0.9539970161766711
银行-农林牧渔,"('002966.SZ', '600598.SH')",0.703720294052117,579366143.4920635,-585.3375372499999,-3.5258418711780775,1.363875562863253
银行-农林牧渔,"('001227.SZ', '600737.SH')",0.5963932083590416,471691970.8333334,-585.3375372499999,-3.5258418711780775,1.363875562863253
银行-商贸零售,"('002966.SZ', '601933.SH')",1.3128479928524417,1738152313.174603,0.10631050999999991,-0.2097205916975231,0.40433793656424005
银行-商贸零售,"('601997.SH', '601933.SH')",1.3095534437239538,1614996622.6666665,0.10631050999999991,-0.2097205916975231,0.40433793656424005
银行-轻工制造,"('601128.SH', '002078.SZ')",0.6588529381286988,515581221.0793651,1.763469839999999,-2.2305441688210834,1.0085994633898445
银行-轻工制造,"('002966.SZ', '002831.SZ')",1.3756629189055196,443094952.46825397,1.763469839999999,-2.2305441688210834,1.0085994633898445
银行-纺织服饰,"('600928.SH', '002563.SZ')",0.5820717243203016,189867694.96031743,-0.66005566,-0.8393343661367226,0.02053216929033159
银行-社会服务,"('002966.SZ', '002607.SZ')",0.6378726220872581,1570812845.142857,3.095553650000001,-3.0269578900000003,-1.468146162644695
银行-社会服务,"('601997.SH', '002607.SZ')",0.5436653884868784,1447657154.6349206,3.095553650000001,-3.0269578900000003,-1.468146162644695
石油石化-建筑材料,"('000703.SZ', '601636.SH')",0.5511373980630115,347265061.2222222,-0.9999397699999993,-1.196963200772899,0.7915910292421602
石油石化-建筑材料,"('000703.SZ', '600801.SH')",0.9148737610232023,244382368.42857143,-0.9999397699999993,-1.196963200772899,0.7915910292421602
石油石化-建筑装饰,"('000703.SZ', '600970.SH')",0.8380810043245521,308314070.96825397,-0.73212715,-0.8706111311740269,-0.06248480919701555
石油石化-建筑装饰,"('002408.SZ', '600970.SH')",1.043694248267999,291908442.41269845,-0.73212715,-0.8706111311740269,-0.06248480919701555
石油石化-商贸零售,"('600871.SH', '600859.SH')",1.0376159471858664,539576374.4285715,0.10619292999999974,-0.17312253328367833,0.4319115217648957
石油石化-商贸零售,"('002408.SZ', '000785.SZ')",0.8612593111394928,439234606.24603176,0.10619292999999974,-0.17312253328367833,0.4319115217648957
环保-家用电器,"('300140.SZ', '002508.SZ')",1.2899056428209272,263925836.8809524,59.90637895,-3.719396647411905,1.0995326987511123
环保-农林牧渔,"('600008.SH', '600598.SH')",0.7056106051669541,462077428.4444444,24.667587670000007,-1.8888000018900029,-2.317747275006468
环保-农林牧渔,"('603568.SH', '600737.SH')",0.8832221224509699,425329594.06349206,24.667587670000007,-1.8888000018900029,-2.317747275006468
环保-建筑装饰,"('601158.SH', '600970.SH')",1.0665090377210276,258757001.87301588,-0.016195480000000262,-0.05144805267267982,-0.8161103400669887
环保-轻工制造,"('603568.SH', '002572.SZ')",1.1322662234358025,331557171.71428573,0.12198757999999987,-0.0562581999999997,0.7355144326694026
环保-轻工制造,"('300140.SZ', '002572.SZ')",1.2242392722317175,298553309.7380953,0.12198757999999987,-0.0562581999999997,0.7355144326694026
环保-纺织服饰,"('603568.SH', '002563.SZ')",0.860854056670896,211098350.23809522,332.32747728000004,-3.3502178500000004,-2.9676676422830726
环保-社会服务,"('300140.SZ', '600258.SH')",0.6094822135081643,276273115.88095236,-0.5936761100000001,-1.5764356598919411,0.3106642801794374
家用电器-农林牧渔,"('002508.SZ', '002299.SZ')",0.9545692635806986,348267706.03174603,23.623283120000004,-1.2598792035559498,-0.5293355540914122
家用电器-建筑材料,"('002508.SZ', '002080.SZ')",1.0443698297242323,469324401.03174603,12.09647199,-1.3900433399999998,-1.9761056621500803
家用电器-商贸零售,"('002429.SZ', '601933.SH')",1.3512910899868866,1731948092.0476189,0.04204154999999976,-0.31079157913732725,0.22796361451678096
家用电器-商贸零售,"('002429.SZ', '000785.SZ')",0.5243169150502672,682419951.2936509,0.04204154999999976,-0.31079157913732725,0.22796361451678096
家用电器-轻工制造,"('002508.SZ', '002078.SZ')",1.3883880371199027,461399050.03174603,34329814.179060884,-8.25099802098481,0.8744150856131554
家用电器-轻工制造,"('002429.SZ', '002831.SZ')",1.283311372749544,436890731.34126985,34329814.179060884,-8.25099802098481,0.8744150856131554
家用电器-纺织服饰,"('002429.SZ', '002563.SZ')",0.5650348685759434,450605527.0793651,0.12134193000000049,-0.10892585703396085,0.7097918662380027
家用电器-社会服务,"('002429.SZ', '002607.SZ')",0.5510246903585024,1564608624.015873,81.21271717,-3.3887858486212927,-2.507064663755406
农林牧渔-建筑材料,"('000998.SZ', '601636.SH')",0.7679987633368571,473597175.60317457,5.455153199999995,-1.745002782016687,-0.20183740113785786
农林牧渔-建筑材料,"('002299.SZ', '002080.SZ')",1.0040328470138586,427293848.07936513,5.455153199999995,-1.745002782016687,-0.20183740113785786
农林牧渔-通信,"('600598.SH', '600487.SH')",1.107578444941592,1015472553.1746032,2.6698271999999994,-0.47776167359259547,1.2671169676290615
农林牧渔-建筑装饰,"('002385.SZ', '600720.SH')",0.5859526417076414,377321748.04761904,-0.99813086,-1.125224477603011,0.1837591878920157
农林牧渔-商贸零售,"('000998.SZ', '601061.SH')",0.7405391135610037,387957210.4206349,0.9560325300000001,-1.13813684,1.0044413812192852
农林牧渔-轻工制造,"('600737.SH', '002078.SZ')",0.5363700468000439,589798945.2380953,-0.9809281100000004,-0.9906309221644192,-0.25998593703331974
农林牧渔-轻工制造,"('600737.SH', '002572.SZ')",1.3126098795224328,553325627.0476191,-0.9809281100000004,-0.9906309221644192,-0.25998593703331974
农林牧渔-社会服务,"('002385.SZ', '300144.SZ')",0.7475239625315754,599972805.4920635,0.08971223999999967,-1.9329088327327315,0.4331730169296871
农林牧渔-社会服务,"('000998.SZ', '600754.SH')",1.4604451354556558,577953208.3809524,0.08971223999999967,-1.9329088327327315,0.4331730169296871
建筑材料-建筑装饰,"('601636.SH', '600970.SH')",0.5540868494804915,426563072.7619048,1.8283632500000002,-0.7328461958706077,1.1816634798478824
建筑材料-建筑装饰,"('002372.SZ', '600970.SH')",1.0138321951769107,333998563.20634925,1.8283632500000002,-0.7328461958706077,1.1816634798478824
建筑材料-轻工制造,"('002080.SZ', '002078.SZ')",1.3519026148863673,540425192.0793651,0.0,0.0,-inf
建筑材料-社会服务,"('601992.SH', '600258.SH')",1.0038412721591639,300663223.78571427,53.61541875,-8.281799279314088,1.1057652550058883
通信-建筑装饰,"('600498.SH', '000032.SZ')",1.3855486463996391,1254334426.968254,1.2607795200000003,-0.35956457518359164,1.0896736973303889
通信-建筑装饰,"('600487.SH', '601611.SH')",1.2984119717039297,992386734.3650794,1.2607795200000003,-0.35956457518359164,1.0896736973303889
通信-社会服务,"('688387.SH', '300012.SZ')",0.8208275673992171,434358871.76984125,-0.7097074500000004,-1.466308060387988,0.2460553299204109
建筑装饰-轻工制造,"('600820.SH', '002078.SZ')",0.8416333264743108,476996137.8730159,5.41702464,-2.1215275651382157,1.4665924859900297
建筑装饰-轻工制造,"('600820.SH', '002831.SZ')",1.4270084028217556,306349202.46825397,5.41702464,-2.1215275651382157,1.4665924859900297
建筑装饰-纺织服饰,"('600820.SH', '600177.SH')",0.50908349747264,392901807.61904764,0.052423650000000155,-0.10333508465456465,0.2278423207903938
商贸零售-社会服务,"('601061.SH', '300144.SZ')",0.5914494712786745,489208833.46825397,-0.99997587,-1.0591079864266488,0.07633201547052898
商贸零售-社会服务,"('601061.SH', '600258.SH')",0.7555764609061546,354613474.8174603,-0.99997587,-1.0591079864266488,0.07633201547052898
轻工制造-纺织服饰,"('002572.SZ', '002563.SZ')",1.2663186591953042,339094383.2222222,2943.3226501,-2.954645287807439,-3.632747855601305
